Date,Hour,Temperature(째C),Humidity(%),Wind speed (m/s),Visibility (10m),Dew point temperature(째C),Solar Radiation (MJ/m2),Rainfall(mm),Snowfall (cm),Seasons,Holiday,Functioning Day,Temperature_high,Spring,Summer,Autumn,New_Holiday,New_Fuctioning Day,Rented Bike Count
01/11/2018,0,5.7,62,2.3,1909,-1.0,0.0,0.0,0.0,Autumn,No Holiday,Yes,1,0,0,1,0,1,557.0709099327815
01/11/2018,1,5.1,65,1.6,1932,-0.9,0.0,0.0,0.0,Autumn,No Holiday,Yes,1,0,0,1,0,1,523.2983494152161
01/11/2018,2,4.4,64,1.4,2000,-1.8,0.0,0.0,0.0,Autumn,No Holiday,Yes,1,0,0,1,0,1,461.7556762761549
01/11/2018,3,4.2,65,0.7,1962,-1.8,0.0,0.0,0.0,Autumn,No Holiday,Yes,1,0,0,1,0,1,448.7790159203574
01/11/2018,4,3.6,70,0.8,1934,-1.3,0.0,0.0,0.0,Autumn,No Holiday,Yes,1,0,0,1,0,1,441.3150430548773
01/11/2018,5,3.3,72,0.0,1946,-1.2,0.0,0.0,0.0,Autumn,No Holiday,Yes,1,0,0,1,0,1,434.798742248069
01/11/2018,6,2.9,75,0.2,1761,-1.1,0.0,0.0,0.0,Autumn,No Holiday,Yes,1,0,0,1,0,1,469.5468744897688
01/11/2018,7,2.5,75,0.5,1763,-1.4,0.0,0.0,0.0,Autumn,No Holiday,Yes,1,0,0,1,0,1,394.13160365342645
01/11/2018,8,2.8,74,0.9,1366,-1.3,0.13,0.0,0.0,Autumn,No Holiday,Yes,1,0,0,1,0,1,801.0878195365942
01/11/2018,9,4.7,60,0.9,1219,-2.4,0.82,0.0,0.0,Autumn,No Holiday,Yes,1,0,0,1,0,1,796.1235439919213
01/11/2018,10,8.1,51,0.7,1100,-1.4,1.38,0.0,0.0,Autumn,No Holiday,Yes,1,0,0,1,0,1,957.2798176447179
01/11/2018,11,11.1,46,1.6,1518,-0.1,1.84,0.0,0.0,Autumn,No Holiday,Yes,1,0,0,1,0,1,1175.2040420580638
01/11/2018,12,12.6,36,2.6,1785,-2.1,2.14,0.0,0.0,Autumn,No Holiday,Yes,1,0,0,1,0,1,1070.168433531223
01/11/2018,13,13.6,32,1.8,1814,-2.8,2.22,0.0,0.0,Autumn,No Holiday,Yes,1,0,0,1,0,1,1165.5748702982694
01/11/2018,14,14.9,31,2.5,1872,-2.1,2.06,0.0,0.0,Autumn,No Holiday,Yes,1,0,0,1,0,1,1166.577422766105
01/11/2018,15,14.8,30,2.7,1990,-2.6,1.71,0.0,0.0,Autumn,No Holiday,Yes,1,0,0,1,0,1,1222.1756449856666
01/11/2018,16,14.7,32,2.0,1934,-1.8,1.13,0.0,0.0,Autumn,No Holiday,Yes,1,0,0,1,0,1,1476.7215124625836
01/11/2018,17,13.7,37,1.4,2000,-0.7,0.49,0.0,0.0,Autumn,No Holiday,Yes,1,0,0,1,0,1,1605.8617153866878
01/11/2018,18,11.8,43,1.3,1995,-0.3,0.03,0.0,0.0,Autumn,No Holiday,Yes,1,0,0,1,0,1,1541.7132151374121
01/11/2018,19,10.5,49,1.2,1965,0.2,0.0,0.0,0.0,Autumn,No Holiday,Yes,1,0,0,1,0,1,1032.0943070940125
01/11/2018,20,9.9,53,1.7,1868,0.7,0.0,0.0,0.0,Autumn,No Holiday,Yes,1,0,0,1,0,1,873.4251895123037
01/11/2018,21,9.3,54,1.1,1975,0.4,0.0,0.0,0.0,Autumn,No Holiday,Yes,1,0,0,1,0,1,837.2412672410945
01/11/2018,22,8.3,61,0.2,1809,1.2,0.0,0.0,0.0,Autumn,No Holiday,Yes,1,0,0,1,0,1,508.6195283323171
01/11/2018,23,7.8,63,0.4,1547,1.1,0.0,0.0,0.0,Autumn,No Holiday,Yes,1,0,0,1,0,1,508.6195283323171
02/11/2018,0,7.2,64,1.0,1639,0.8,0.0,0.0,0.0,Autumn,No Holiday,Yes,1,0,0,1,0,1,505.25071911751564
02/11/2018,1,6.6,69,0.0,1512,1.3,0.0,0.0,0.0,Autumn,No Holiday,Yes,1,0,0,1,0,1,495.1020526936761
02/11/2018,2,6.1,68,0.5,1519,0.6,0.0,0.0,0.0,Autumn,No Holiday,Yes,1,0,0,1,0,1,495.0823376027226
02/11/2018,3,5.7,72,0.8,1368,1.0,0.0,0.0,0.0,Autumn,No Holiday,Yes,1,0,0,1,0,1,481.73722635382086
02/11/2018,4,5.2,74,1.3,1386,0.9,0.0,0.0,0.0,Autumn,No Holiday,Yes,1,0,0,1,0,1,446.85403944360814
02/11/2018,5,4.8,75,0.7,1471,0.7,0.0,0.0,0.0,Autumn,No Holiday,Yes,1,0,0,1,0,1,437.45737509256463
02/11/2018,6,4.5,77,1.0,1410,0.8,0.0,0.0,0.0,Autumn,No Holiday,Yes,1,0,0,1,0,1,434.0885658777632
02/11/2018,7,4.1,75,0.8,1143,0.0,0.0,0.0,0.0,Autumn,No Holiday,Yes,1,0,0,1,0,1,437.45737509256463
02/11/2018,8,4.7,72,1.0,1306,0.0,0.12,0.0,0.0,Autumn,No Holiday,Yes,1,0,0,1,0,1,919.1590635447682
02/11/2018,9,7.0,57,0.7,1553,-0.9,0.79,0.0,0.0,Autumn,No Holiday,Yes,1,0,0,1,0,1,1062.703996732788
02/11/2018,10,10.0,49,1.2,1411,-0.2,1.4,0.0,0.0,Autumn,No Holiday,Yes,1,0,0,1,0,1,1116.2115587136946
02/11/2018,11,12.8,44,1.0,1269,0.8,1.84,0.0,0.0,Autumn,No Holiday,Yes,1,0,0,1,0,1,1187.8375609931743
02/11/2018,12,14.9,40,1.1,1288,1.4,2.06,0.0,0.0,Autumn,No Holiday,Yes,1,0,0,1,0,1,1182.1850945826409
02/11/2018,13,16.5,37,1.2,1400,1.7,2.12,0.0,0.0,Autumn,No Holiday,Yes,1,0,0,1,0,1,1243.0638048041656
02/11/2018,14,18.0,31,1.2,1506,0.5,1.98,0.0,0.0,Autumn,No Holiday,Yes,1,0,0,1,0,1,1320.5003101564319
02/11/2018,15,18.6,31,1.4,1575,1.1,1.63,0.0,0.0,Autumn,No Holiday,Yes,1,0,0,1,0,1,1373.5015924094928
02/11/2018,16,18.8,32,1.4,1717,1.7,1.09,0.0,0.0,Autumn,No Holiday,Yes,1,0,0,1,0,1,1630.2900321161221
02/11/2018,17,17.0,36,1.5,1672,1.8,0.47,0.0,0.0,Autumn,No Holiday,Yes,1,0,0,1,0,1,1595.9968841590971
02/11/2018,18,14.6,42,1.4,1428,1.8,0.02,0.0,0.0,Autumn,No Holiday,Yes,1,0,0,1,0,1,1484.4043730796889
02/11/2018,19,12.8,40,1.4,1870,-0.4,0.0,0.0,0.0,Autumn,No Holiday,Yes,1,0,0,1,0,1,1164.7036624023299
02/11/2018,20,11.7,45,1.2,1748,0.1,0.0,0.0,0.0,Autumn,No Holiday,Yes,1,0,0,1,0,1,1150.2497104117558
02/11/2018,21,10.8,57,2.0,1219,2.6,0.0,0.0,0.0,Autumn,No Holiday,Yes,1,0,0,1,0,1,729.2569354247121
02/11/2018,22,10.0,56,2.0,1290,1.6,0.0,0.0,0.0,Autumn,No Holiday,Yes,1,0,0,1,0,1,795.7486310276669
02/11/2018,23,9.7,56,1.3,1423,1.3,0.0,0.0,0.0,Autumn,No Holiday,Yes,1,0,0,1,0,1,773.016282809661
03/11/2018,0,8.8,63,0.6,1314,2.1,0.0,0.0,0.0,Autumn,No Holiday,No,1,0,0,1,0,0,0.0
03/11/2018,1,8.5,61,0.2,1273,1.3,0.0,0.0,0.0,Autumn,No Holiday,No,1,0,0,1,0,0,0.0
03/11/2018,2,7.6,68,1.2,1170,2.0,0.0,0.0,0.0,Autumn,No Holiday,No,1,0,0,1,0,0,0.0
03/11/2018,3,7.1,67,0.6,1229,1.3,0.0,0.0,0.0,Autumn,No Holiday,No,1,0,0,1,0,0,0.0
03/11/2018,4,6.3,72,1.0,1104,1.6,0.0,0.0,0.0,Autumn,No Holiday,No,1,0,0,1,0,0,0.0
03/11/2018,5,6.1,75,1.0,1053,1.9,0.0,0.0,0.0,Autumn,No Holiday,No,1,0,0,1,0,0,0.0
03/11/2018,6,5.5,78,0.6,983,1.9,0.0,0.0,0.0,Autumn,No Holiday,No,1,0,0,1,0,0,0.0
03/11/2018,7,5.2,79,1.3,894,1.8,0.0,0.0,0.0,Autumn,No Holiday,No,1,0,0,1,0,0,0.0
03/11/2018,8,5.4,75,0.4,905,1.3,0.11,0.0,0.0,Autumn,No Holiday,No,1,0,0,1,0,0,0.0
03/11/2018,9,7.9,58,1.3,1033,0.1,0.8,0.0,0.0,Autumn,No Holiday,No,1,0,0,1,0,0,0.0
03/11/2018,10,11.0,49,0.7,957,0.6,1.4,0.0,0.0,Autumn,No Holiday,No,1,0,0,1,0,0,0.0
03/11/2018,11,14.5,42,1.6,890,1.7,1.85,0.0,0.0,Autumn,No Holiday,No,1,0,0,1,0,0,0.0
03/11/2018,12,16.5,37,1.8,1060,1.7,2.14,0.0,0.0,Autumn,No Holiday,No,1,0,0,1,0,0,0.0
03/11/2018,13,17.8,29,2.0,1328,-0.4,2.17,0.0,0.0,Autumn,No Holiday,No,1,0,0,1,0,0,0.0
03/11/2018,14,18.1,24,2.4,1594,-2.8,1.97,0.0,0.0,Autumn,No Holiday,No,1,0,0,1,0,0,0.0
03/11/2018,15,18.5,25,1.6,1724,-1.9,1.63,0.0,0.0,Autumn,No Holiday,No,1,0,0,1,0,0,0.0
03/11/2018,16,18.7,25,2.1,1605,-1.7,1.07,0.0,0.0,Autumn,No Holiday,No,1,0,0,1,0,0,0.0
03/11/2018,17,16.7,45,2.2,772,4.6,0.43,0.0,0.0,Autumn,No Holiday,No,1,0,0,1,0,0,0.0
03/11/2018,18,14.2,51,1.5,990,4.1,0.02,0.0,0.0,Autumn,No Holiday,No,1,0,0,1,0,0,0.0
03/11/2018,19,13.4,62,1.6,740,6.2,0.0,0.0,0.0,Autumn,No Holiday,No,1,0,0,1,0,0,0.0
03/11/2018,20,12.1,68,0.8,592,6.3,0.0,0.0,0.0,Autumn,No Holiday,No,1,0,0,1,0,0,0.0
03/11/2018,21,11.1,69,0.9,619,5.6,0.0,0.0,0.0,Autumn,No Holiday,No,1,0,0,1,0,0,0.0
03/11/2018,22,10.0,68,1.1,791,4.3,0.0,0.0,0.0,Autumn,No Holiday,No,1,0,0,1,0,0,0.0
03/11/2018,23,9.2,65,1.2,1064,2.9,0.0,0.0,0.0,Autumn,No Holiday,No,1,0,0,1,0,0,0.0
04/11/2018,0,9.1,63,0.6,1292,2.4,0.0,0.0,0.0,Autumn,No Holiday,Yes,1,0,0,1,0,1,508.6392434232706
04/11/2018,1,8.6,60,1.1,1416,1.2,0.0,0.0,0.0,Autumn,No Holiday,Yes,1,0,0,1,0,1,600.4258371427137
04/11/2018,2,8.2,62,0.2,1415,1.3,0.0,0.0,0.0,Autumn,No Holiday,Yes,1,0,0,1,0,1,508.6392434232706
04/11/2018,3,7.6,66,0.9,1432,1.6,0.0,0.0,0.0,Autumn,No Holiday,Yes,1,0,0,1,0,1,495.1020526936761
04/11/2018,4,6.9,70,1.5,1314,1.7,0.0,0.0,0.0,Autumn,No Holiday,Yes,1,0,0,1,0,1,501.6503731267189
04/11/2018,5,6.6,73,0.3,1219,2.0,0.0,0.0,0.0,Autumn,No Holiday,Yes,1,0,0,1,0,1,437.47709018351816
04/11/2018,6,6.2,73,0.3,1018,1.7,0.0,0.0,0.0,Autumn,No Holiday,Yes,1,0,0,1,0,1,437.47709018351816
04/11/2018,7,5.8,79,1.0,862,2.4,0.0,0.0,0.0,Autumn,No Holiday,Yes,1,0,0,1,0,1,345.85001583493477
04/11/2018,8,5.7,78,1.1,714,2.1,0.09,0.0,0.0,Autumn,No Holiday,Yes,1,0,0,1,0,1,826.261634735546
04/11/2018,9,7.5,60,0.5,725,0.2,0.79,0.0,0.0,Autumn,No Holiday,Yes,1,0,0,1,0,1,949.5700821903959
04/11/2018,10,11.1,51,0.8,679,1.3,1.38,0.0,0.0,Autumn,No Holiday,Yes,1,0,0,1,0,1,1050.0333538622215
04/11/2018,11,14.8,46,2.0,768,3.2,1.83,0.0,0.0,Autumn,No Holiday,Yes,1,0,0,1,0,1,1205.6357497056692
04/11/2018,12,16.3,33,2.9,1530,0.0,2.13,0.0,0.0,Autumn,No Holiday,Yes,1,0,0,1,0,1,1269.3086737732795
04/11/2018,13,18.3,26,1.2,1503,-1.5,2.17,0.0,0.0,Autumn,No Holiday,Yes,1,0,0,1,0,1,1285.7775458667418
04/11/2018,14,19.3,28,1.7,1208,0.3,1.93,0.0,0.0,Autumn,No Holiday,Yes,1,0,0,1,0,1,1419.4606074340288
04/11/2018,15,19.0,25,2.1,1748,-1.5,1.6,0.0,0.0,Autumn,No Holiday,Yes,1,0,0,1,0,1,1318.959893484636
04/11/2018,16,18.4,25,3.2,1909,-2.0,1.05,0.0,0.0,Autumn,No Holiday,Yes,1,0,0,1,0,1,1362.7382993563085
04/11/2018,17,16.9,33,2.2,1972,0.5,0.43,0.0,0.0,Autumn,No Holiday,Yes,1,0,0,1,0,1,1625.48364739605
04/11/2018,18,14.5,46,2.6,1618,3.0,0.01,0.0,0.0,Autumn,No Holiday,Yes,1,0,0,1,0,1,1515.683973711055
04/11/2018,19,12.9,56,2.5,1345,4.3,0.0,0.0,0.0,Autumn,No Holiday,Yes,1,0,0,1,0,1,929.054405483269
04/11/2018,20,12.7,59,1.2,1177,4.8,0.0,0.0,0.0,Autumn,No Holiday,Yes,1,0,0,1,0,1,729.2142433993887
04/11/2018,21,11.8,62,0.7,1030,4.7,0.0,0.0,0.0,Autumn,No Holiday,Yes,1,0,0,1,0,1,618.6130951453453
04/11/2018,22,11.2,67,1.3,940,5.2,0.0,0.0,0.0,Autumn,No Holiday,Yes,1,0,0,1,0,1,614.4725687667942
04/11/2018,23,10.6,73,1.3,931,5.9,0.0,0.0,0.0,Autumn,No Holiday,Yes,1,0,0,1,0,1,521.9567270967649
05/11/2018,0,10.1,75,0.0,922,5.8,0.0,0.0,0.0,Autumn,No Holiday,Yes,1,0,0,1,0,1,512.5600627457216
05/11/2018,1,9.3,78,0.1,828,5.6,0.0,0.0,0.0,Autumn,No Holiday,Yes,1,0,0,1,0,1,512.5600627457216
05/11/2018,2,8.8,81,0.0,773,5.7,0.0,0.0,0.0,Autumn,No Holiday,Yes,1,0,0,1,0,1,329.8280316153945
05/11/2018,3,8.3,81,1.1,642,5.2,0.0,0.0,0.0,Autumn,No Holiday,Yes,1,0,0,1,0,1,299.3112616492528
05/11/2018,4,8.0,81,0.4,666,4.9,0.0,0.0,0.0,Autumn,No Holiday,Yes,1,0,0,1,0,1,307.5828514563989
05/11/2018,5,8.0,84,0.7,569,5.4,0.0,0.0,0.0,Autumn,No Holiday,Yes,1,0,0,1,0,1,271.6780174889211
05/11/2018,6,7.2,83,0.8,636,4.4,0.0,0.0,0.0,Autumn,No Holiday,Yes,1,0,0,1,0,1,307.5828514563989
05/11/2018,7,7.0,86,1.1,455,4.8,0.0,0.0,0.0,Autumn,No Holiday,Yes,1,0,0,1,0,1,271.6950047670467
05/11/2018,8,7.2,80,0.8,515,3.9,0.13,0.0,0.0,Autumn,No Holiday,Yes,1,0,0,1,0,1,740.4121393262178
05/11/2018,9,8.9,67,1.1,578,3.0,0.69,0.0,0.0,Autumn,No Holiday,Yes,1,0,0,1,0,1,892.6569143461958
05/11/2018,10,11.8,59,0.9,616,4.0,1.23,0.0,0.0,Autumn,No Holiday,Yes,1,0,0,1,0,1,965.9338975215783
05/11/2018,11,13.8,47,1.2,994,2.6,1.71,0.0,0.0,Autumn,No Holiday,Yes,1,0,0,1,0,1,1185.7519487268157
05/11/2018,12,16.4,48,2.1,653,5.3,1.68,0.0,0.0,Autumn,No Holiday,Yes,1,0,0,1,0,1,1139.671375923832
05/11/2018,13,16.8,46,1.1,760,5.0,1.71,0.0,0.0,Autumn,No Holiday,Yes,1,0,0,1,0,1,1185.0104878683792
05/11/2018,14,17.5,38,1.2,1090,3.0,1.74,0.0,0.0,Autumn,No Holiday,Yes,1,0,0,1,0,1,1252.7410639667708
05/11/2018,15,18.0,39,1.0,1208,3.8,1.21,0.0,0.0,Autumn,No Holiday,Yes,1,0,0,1,0,1,1605.23546349876
05/11/2018,16,16.8,46,1.8,1041,5.0,0.72,0.0,0.0,Autumn,No Holiday,Yes,1,0,0,1,0,1,1632.7641860528859
05/11/2018,17,15.7,49,2.0,1252,5.0,0.26,0.0,0.0,Autumn,No Holiday,Yes,1,0,0,1,0,1,1541.0458299948832
05/11/2018,18,14.5,54,1.3,1343,5.2,0.01,0.0,0.0,Autumn,No Holiday,Yes,1,0,0,1,0,1,1237.1134251095682
05/11/2018,19,13.2,66,1.7,705,6.9,0.0,0.0,0.0,Autumn,No Holiday,Yes,1,0,0,1,0,1,708.7493392020685
05/11/2018,20,12.7,75,2.0,433,8.3,0.0,0.0,0.0,Autumn,No Holiday,Yes,1,0,0,1,0,1,677.6748045463193
05/11/2018,21,12.2,79,1.8,351,8.6,0.0,0.0,0.0,Autumn,No Holiday,Yes,1,0,0,1,0,1,530.7841969635817
05/11/2018,22,11.6,81,1.2,336,8.4,0.0,0.0,0.0,Autumn,No Holiday,Yes,1,0,0,1,0,1,394.13275610134605
05/11/2018,23,10.9,82,0.1,346,7.9,0.0,0.0,0.0,Autumn,No Holiday,Yes,1,0,0,1,0,1,367.96529289536704
06/11/2018,0,10.0,73,0.5,700,5.3,0.0,0.0,0.0,Autumn,No Holiday,No,1,0,0,1,0,0,0.0
06/11/2018,1,9.8,75,0.5,668,5.5,0.0,0.0,0.0,Autumn,No Holiday,No,1,0,0,1,0,0,0.0
06/11/2018,2,9.7,78,0.0,619,6.0,0.0,0.0,0.0,Autumn,No Holiday,No,1,0,0,1,0,0,0.0
06/11/2018,3,9.4,81,0.3,500,6.2,0.0,0.0,0.0,Autumn,No Holiday,No,1,0,0,1,0,0,0.0
06/11/2018,4,9.1,81,0.0,493,6.0,0.0,0.0,0.0,Autumn,No Holiday,No,1,0,0,1,0,0,0.0
06/11/2018,5,8.8,84,0.6,420,6.2,0.0,0.0,0.0,Autumn,No Holiday,No,1,0,0,1,0,0,0.0
06/11/2018,6,8.5,83,0.7,409,5.7,0.0,0.0,0.0,Autumn,No Holiday,No,1,0,0,1,0,0,0.0
06/11/2018,7,8.3,84,0.9,422,5.7,0.0,0.0,0.0,Autumn,No Holiday,No,1,0,0,1,0,0,0.0
06/11/2018,8,8.7,77,0.7,529,4.8,0.11,0.0,0.0,Autumn,No Holiday,No,1,0,0,1,0,0,0.0
06/11/2018,9,10.1,68,0.2,578,4.4,0.33,0.0,0.0,Autumn,No Holiday,No,1,0,0,1,0,0,0.0
06/11/2018,10,11.7,62,0.5,521,4.6,0.77,0.0,0.0,Autumn,No Holiday,No,1,0,0,1,0,0,0.0
06/11/2018,11,13.0,55,1.0,488,4.1,0.84,0.0,0.0,Autumn,No Holiday,No,1,0,0,1,0,0,0.0
06/11/2018,12,14.5,57,0.8,373,6.0,1.08,0.0,0.0,Autumn,No Holiday,No,1,0,0,1,0,0,0.0
06/11/2018,13,16.1,56,1.7,328,7.3,1.54,0.0,0.0,Autumn,No Holiday,No,1,0,0,1,0,0,0.0
06/11/2018,14,17.4,50,2.4,336,6.8,1.52,0.0,0.0,Autumn,No Holiday,No,1,0,0,1,0,0,0.0
06/11/2018,15,16.3,54,1.6,374,6.9,0.76,0.0,0.0,Autumn,No Holiday,No,1,0,0,1,0,0,0.0
06/11/2018,16,16.6,55,1.3,334,7.5,0.66,0.0,0.0,Autumn,No Holiday,No,1,0,0,1,0,0,0.0
06/11/2018,17,15.3,63,1.2,260,8.2,0.23,0.0,0.0,Autumn,No Holiday,No,1,0,0,1,0,0,0.0
06/11/2018,18,14.0,71,1.5,201,8.8,0.01,0.0,0.0,Autumn,No Holiday,No,1,0,0,1,0,0,0.0
06/11/2018,19,13.3,72,1.1,234,8.3,0.0,0.0,0.0,Autumn,No Holiday,No,1,0,0,1,0,0,0.0
06/11/2018,20,13.2,73,1.1,246,8.4,0.0,0.0,0.0,Autumn,No Holiday,No,1,0,0,1,0,0,0.0
06/11/2018,21,13.0,76,0.9,231,8.8,0.0,0.0,0.0,Autumn,No Holiday,No,1,0,0,1,0,0,0.0
06/11/2018,22,12.3,73,1.2,277,7.5,0.0,0.0,0.0,Autumn,No Holiday,No,1,0,0,1,0,0,0.0
06/11/2018,23,12.2,74,1.1,291,7.6,0.0,0.0,0.0,Autumn,No Holiday,No,1,0,0,1,0,0,0.0
07/11/2018,0,11.9,74,1.6,287,7.4,0.0,0.0,0.0,Autumn,No Holiday,Yes,1,0,0,1,0,1,610.8395325240127
07/11/2018,1,11.9,76,1.4,286,7.7,0.0,0.0,0.0,Autumn,No Holiday,Yes,1,0,0,1,0,1,610.8395325240127
07/11/2018,2,12.0,81,1.3,295,8.8,0.0,0.0,0.0,Autumn,No Holiday,Yes,1,0,0,1,0,1,394.13275610134605
07/11/2018,3,10.8,88,1.0,145,8.8,0.0,0.5,0.0,Autumn,No Holiday,Yes,1,0,0,1,0,1,80.33528989512453
07/11/2018,4,10.6,95,0.7,94,9.8,0.0,0.0,0.0,Autumn,No Holiday,Yes,1,0,0,1,0,1,281.7700376243398
07/11/2018,5,11.1,95,0.2,117,10.3,0.0,0.0,0.0,Autumn,No Holiday,Yes,1,0,0,1,0,1,266.5359255513618
07/11/2018,6,11.0,91,1.0,124,9.5,0.0,1.0,0.0,Autumn,No Holiday,Yes,1,0,0,1,0,1,-10.674621019220492
07/11/2018,7,10.8,91,1.3,216,9.3,0.0,0.0,0.0,Autumn,No Holiday,Yes,1,0,0,1,0,1,317.1099254616424
07/11/2018,8,11.3,89,1.1,279,9.5,0.01,0.0,0.0,Autumn,No Holiday,Yes,1,0,0,1,0,1,430.1271889979595
07/11/2018,9,11.2,86,1.0,372,8.9,0.09,0.5,0.0,Autumn,No Holiday,Yes,1,0,0,1,0,1,247.32812583689847
07/11/2018,10,11.9,84,0.9,482,9.2,0.2,0.0,0.0,Autumn,No Holiday,Yes,1,0,0,1,0,1,634.6617951509128
07/11/2018,11,12.4,82,0.6,507,9.4,0.34,0.0,0.0,Autumn,No Holiday,Yes,1,0,0,1,0,1,670.5666291183904
07/11/2018,12,13.2,77,1.3,589,9.2,0.5,0.0,0.0,Autumn,No Holiday,Yes,1,0,0,1,0,1,1003.3116236476437
07/11/2018,13,14.5,74,1.3,610,9.9,0.75,0.0,0.0,Autumn,No Holiday,Yes,1,0,0,1,0,1,926.5788093445238
07/11/2018,14,15.5,68,1.4,693,9.6,1.15,0.0,0.0,Autumn,No Holiday,Yes,1,0,0,1,0,1,1010.8789984151476
07/11/2018,15,15.4,72,1.1,608,10.3,0.57,0.0,0.0,Autumn,No Holiday,Yes,1,0,0,1,0,1,1036.4966844430182
07/11/2018,16,15.2,72,1.2,625,10.1,0.4,0.0,0.0,Autumn,No Holiday,Yes,1,0,0,1,0,1,1047.5914749088993
07/11/2018,17,14.9,73,0.9,854,10.0,0.04,0.0,0.0,Autumn,No Holiday,Yes,1,0,0,1,0,1,961.7906637706778
07/11/2018,18,14.4,77,1.0,912,10.4,0.0,0.0,0.0,Autumn,No Holiday,Yes,1,0,0,1,0,1,696.7447875429492
07/11/2018,19,13.8,81,1.5,760,10.5,0.0,0.0,0.0,Autumn,No Holiday,Yes,1,0,0,1,0,1,496.3510485771014
07/11/2018,20,13.3,77,1.6,833,9.3,0.0,0.0,0.0,Autumn,No Holiday,Yes,1,0,0,1,0,1,721.2389561394546
07/11/2018,21,13.5,75,0.8,1275,9.1,0.0,0.0,0.0,Autumn,No Holiday,Yes,1,0,0,1,0,1,676.4607425090445
07/11/2018,22,13.2,74,1.4,1407,8.6,0.0,0.0,0.0,Autumn,No Holiday,Yes,1,0,0,1,0,1,656.6238457155852
07/11/2018,23,12.9,72,1.4,2000,7.9,0.0,0.0,0.0,Autumn,No Holiday,Yes,1,0,0,1,0,1,689.7991573195023
08/11/2018,0,12.9,70,1.8,2000,7.5,0.0,0.0,0.0,Autumn,No Holiday,Yes,1,0,0,1,0,1,695.0511824872185
08/11/2018,1,11.9,77,1.1,1634,7.9,0.0,0.0,0.0,Autumn,No Holiday,Yes,1,0,0,1,0,1,632.1106934228333
08/11/2018,2,11.8,84,1.6,1874,9.1,0.0,0.0,0.0,Autumn,No Holiday,Yes,1,0,0,1,0,1,463.0287690239692
08/11/2018,3,11.8,86,1.6,1819,9.5,0.0,0.5,0.0,Autumn,No Holiday,Yes,1,0,0,1,0,1,61.2095070176251
08/11/2018,4,10.8,87,1.7,956,8.7,0.0,0.0,0.0,Autumn,No Holiday,Yes,1,0,0,1,0,1,403.78821018557403
08/11/2018,5,10.8,89,1.6,957,9.0,0.0,0.0,0.0,Autumn,No Holiday,Yes,1,0,0,1,0,1,355.7119526530343
08/11/2018,6,10.6,90,1.6,1065,9.0,0.0,1.5,0.0,Autumn,No Holiday,Yes,1,0,0,1,0,1,-2.7168371132511986
08/11/2018,7,10.9,88,1.8,1866,8.9,0.0,0.0,0.0,Autumn,No Holiday,Yes,1,0,0,1,0,1,434.1366683181208
08/11/2018,8,10.6,89,1.5,689,8.8,0.02,0.0,0.0,Autumn,No Holiday,Yes,1,0,0,1,0,1,430.85397704412003
08/11/2018,9,10.6,94,2.1,739,9.6,0.06,2.0,0.0,Autumn,No Holiday,Yes,1,0,0,1,0,1,162.73341102743325
08/11/2018,10,10.8,94,1.8,578,9.8,0.15,0.0,0.0,Autumn,No Holiday,Yes,1,0,0,1,0,1,511.90584033460453
08/11/2018,11,10.9,95,2.4,519,10.1,0.12,0.0,0.0,Autumn,No Holiday,Yes,1,0,0,1,0,1,614.537948642692
08/11/2018,12,11.4,95,2.5,792,10.6,0.44,5.5,0.0,Autumn,No Holiday,Yes,1,0,0,1,0,1,196.06509872483448
08/11/2018,13,11.5,95,2.1,457,10.7,0.32,0.0,0.0,Autumn,No Holiday,Yes,1,0,0,1,0,1,572.1414568872622
08/11/2018,14,11.3,96,2.7,302,10.6,0.11,0.0,0.0,Autumn,No Holiday,Yes,1,0,0,1,0,1,601.3067488517262
08/11/2018,15,11.4,96,2.0,910,10.7,0.07,9.5,0.0,Autumn,No Holiday,Yes,1,0,0,1,0,1,121.51447685090065
08/11/2018,16,11.7,96,1.4,587,11.0,0.02,0.0,0.0,Autumn,No Holiday,Yes,1,0,0,1,0,1,406.7125176255562
08/11/2018,17,11.9,97,0.7,269,11.4,0.0,0.0,0.0,Autumn,No Holiday,Yes,1,0,0,1,0,1,235.5356894053898
08/11/2018,18,12.9,97,0.0,406,12.4,0.0,9.0,0.0,Autumn,No Holiday,Yes,1,0,0,1,0,1,7.124043824138431
08/11/2018,19,12.8,97,0.9,245,12.3,0.0,0.0,0.0,Autumn,No Holiday,Yes,1,0,0,1,0,1,277.9645326887653
08/11/2018,20,13.9,97,2.5,594,13.4,0.0,0.0,0.0,Autumn,No Holiday,Yes,1,0,0,1,0,1,480.93949776902525
08/11/2018,21,14.0,96,4.1,292,13.3,0.0,18.0,0.0,Autumn,No Holiday,Yes,1,0,0,1,0,1,112.11089531529689
08/11/2018,22,12.4,96,2.7,545,11.7,0.0,0.0,0.0,Autumn,No Holiday,Yes,1,0,0,1,0,1,416.77512986898836
08/11/2018,23,11.5,96,3.0,691,10.8,0.0,0.0,0.0,Autumn,No Holiday,Yes,1,0,0,1,0,1,416.77512986898836
09/11/2018,0,12.0,96,3.1,1185,11.3,0.0,18.0,0.0,Autumn,No Holiday,No,1,0,0,1,0,0,0.0
09/11/2018,1,11.4,89,2.6,1376,9.6,0.0,0.0,0.0,Autumn,No Holiday,No,1,0,0,1,0,0,0.0
09/11/2018,2,11.3,88,3.7,1680,9.3,0.0,0.0,0.0,Autumn,No Holiday,No,1,0,0,1,0,0,0.0
09/11/2018,3,10.8,82,2.8,1712,7.8,0.0,0.5,0.0,Autumn,No Holiday,No,1,0,0,1,0,0,0.0
09/11/2018,4,10.6,75,3.2,913,6.3,0.0,0.0,0.0,Autumn,No Holiday,No,1,0,0,1,0,0,0.0
09/11/2018,5,10.9,68,3.1,1034,5.2,0.0,0.0,0.0,Autumn,No Holiday,No,1,0,0,1,0,0,0.0
09/11/2018,6,11.0,70,3.1,900,5.7,0.0,0.0,0.0,Autumn,No Holiday,No,1,0,0,1,0,0,0.0
09/11/2018,7,10.4,81,3.0,1741,7.2,0.0,0.0,0.0,Autumn,No Holiday,No,1,0,0,1,0,0,0.0
09/11/2018,8,10.1,85,2.4,1809,7.6,0.05,0.0,0.0,Autumn,No Holiday,No,1,0,0,1,0,0,0.0
09/11/2018,9,10.8,78,2.6,1985,7.1,0.13,0.5,0.0,Autumn,No Holiday,No,1,0,0,1,0,0,0.0
09/11/2018,10,11.3,68,4.7,1984,5.5,0.44,0.0,0.0,Autumn,No Holiday,No,1,0,0,1,0,0,0.0
09/11/2018,11,13.3,59,4.1,1970,5.4,1.43,0.0,0.0,Autumn,No Holiday,No,1,0,0,1,0,0,0.0
09/11/2018,12,13.9,50,4.1,1964,3.6,2.14,0.0,0.0,Autumn,No Holiday,No,1,0,0,1,0,0,0.0
09/11/2018,13,14.0,46,5.3,927,2.5,1.68,0.0,0.0,Autumn,No Holiday,No,1,0,0,1,0,0,0.0
09/11/2018,14,15.0,49,2.8,518,4.3,1.53,0.0,0.0,Autumn,No Holiday,No,1,0,0,1,0,0,0.0
09/11/2018,15,15.1,52,3.4,622,5.3,1.3,0.0,0.0,Autumn,No Holiday,No,1,0,0,1,0,0,0.0
09/11/2018,16,14.3,59,3.6,858,6.3,0.72,0.0,0.0,Autumn,No Holiday,No,1,0,0,1,0,0,0.0
09/11/2018,17,12.9,66,3.6,682,6.6,0.32,0.0,0.0,Autumn,No Holiday,No,1,0,0,1,0,0,0.0
09/11/2018,18,12.3,69,2.1,623,6.7,0.01,0.0,0.0,Autumn,No Holiday,No,1,0,0,1,0,0,0.0
09/11/2018,19,11.9,71,2.7,589,6.7,0.0,0.0,0.0,Autumn,No Holiday,No,1,0,0,1,0,0,0.0
09/11/2018,20,11.9,72,2.5,526,7.0,0.0,0.0,0.0,Autumn,No Holiday,No,1,0,0,1,0,0,0.0
09/11/2018,21,11.4,74,1.9,498,6.9,0.0,0.0,0.0,Autumn,No Holiday,No,1,0,0,1,0,0,0.0
09/11/2018,22,11.2,75,1.7,478,6.9,0.0,0.0,0.0,Autumn,No Holiday,No,1,0,0,1,0,0,0.0
09/11/2018,23,10.9,76,1.2,456,6.8,0.0,0.0,0.0,Autumn,No Holiday,No,1,0,0,1,0,0,0.0
10/11/2018,0,11.3,77,0.9,433,7.4,0.0,0.0,0.0,Autumn,No Holiday,Yes,1,0,0,1,0,1,582.4083803911535
10/11/2018,1,11.2,78,1.1,467,7.4,0.0,0.0,0.0,Autumn,No Holiday,Yes,1,0,0,1,0,1,597.8784355764082
10/11/2018,2,10.7,80,0.6,409,7.3,0.0,0.0,0.0,Autumn,No Holiday,Yes,1,0,0,1,0,1,415.5149935516398
10/11/2018,3,10.3,81,0.7,361,7.1,0.0,0.0,0.0,Autumn,No Holiday,Yes,1,0,0,1,0,1,367.96529289536704
10/11/2018,4,9.5,87,0.6,266,7.4,0.0,0.0,0.0,Autumn,No Holiday,Yes,1,0,0,1,0,1,332.0604589278895
10/11/2018,5,9.4,87,0.8,279,7.3,0.0,0.0,0.0,Autumn,No Holiday,Yes,1,0,0,1,0,1,332.0604589278895
10/11/2018,6,9.5,85,0.6,304,7.0,0.0,0.0,0.0,Autumn,No Holiday,Yes,1,0,0,1,0,1,332.0604589278895
10/11/2018,7,9.5,86,0.6,293,7.2,0.0,0.0,0.0,Autumn,No Holiday,Yes,1,0,0,1,0,1,332.0604589278895
10/11/2018,8,9.3,85,0.3,313,6.9,0.07,0.0,0.0,Autumn,No Holiday,Yes,1,0,0,1,0,1,619.6664615385597
10/11/2018,9,10.1,77,0.0,350,6.2,0.45,0.0,0.0,Autumn,No Holiday,Yes,1,0,0,1,0,1,875.5944698002722
10/11/2018,10,12.2,73,1.9,374,7.4,0.92,0.0,0.0,Autumn,No Holiday,Yes,1,0,0,1,0,1,896.824712539867
10/11/2018,11,13.8,63,2.2,416,6.8,1.32,0.0,0.0,Autumn,No Holiday,Yes,1,0,0,1,0,1,1065.009153320602
10/11/2018,12,15.1,54,2.2,495,5.8,1.91,0.0,0.0,Autumn,No Holiday,Yes,1,0,0,1,0,1,965.6256384164094
10/11/2018,13,15.9,48,2.7,538,4.8,1.87,0.0,0.0,Autumn,No Holiday,Yes,1,0,0,1,0,1,1125.5978662957798
10/11/2018,14,17.1,39,2.0,781,3.0,1.85,0.0,0.0,Autumn,No Holiday,Yes,1,0,0,1,0,1,1266.4992815196665
10/11/2018,15,16.6,36,2.5,808,1.4,1.45,0.0,0.0,Autumn,No Holiday,Yes,1,0,0,1,0,1,1292.2926485846438
10/11/2018,16,16.0,37,1.9,984,1.2,0.94,0.0,0.0,Autumn,No Holiday,Yes,1,0,0,1,0,1,1568.4752254213993
10/11/2018,17,14.8,47,1.3,787,3.5,0.35,0.0,0.0,Autumn,No Holiday,Yes,1,0,0,1,0,1,1651.5489491351218
10/11/2018,18,13.2,57,2.2,618,4.8,0.01,0.0,0.0,Autumn,No Holiday,Yes,1,0,0,1,0,1,998.1281756745647
10/11/2018,19,12.1,67,1.5,430,6.1,0.0,0.0,0.0,Autumn,No Holiday,Yes,1,0,0,1,0,1,589.379044689798
10/11/2018,20,11.3,74,1.2,350,6.8,0.0,0.0,0.0,Autumn,No Holiday,Yes,1,0,0,1,0,1,601.7418087330483
10/11/2018,21,10.8,78,1.0,303,7.1,0.0,0.0,0.0,Autumn,No Holiday,Yes,1,0,0,1,0,1,579.0395711763521
10/11/2018,22,10.6,81,1.2,281,7.4,0.0,0.0,0.0,Autumn,No Holiday,Yes,1,0,0,1,0,1,381.78241732098405
10/11/2018,23,10.3,84,1.3,250,7.7,0.0,0.0,0.0,Autumn,No Holiday,Yes,1,0,0,1,0,1,345.8775833535065
11/11/2018,0,9.4,85,0.6,241,6.9,0.0,0.0,0.0,Autumn,No Holiday,Yes,1,0,0,1,0,1,332.0604589278895
11/11/2018,1,8.8,89,0.7,213,7.0,0.0,0.0,0.0,Autumn,No Holiday,Yes,1,0,0,1,0,1,289.6561177941377
11/11/2018,2,7.9,85,1.1,275,5.5,0.0,0.0,0.0,Autumn,No Holiday,Yes,1,0,0,1,0,1,271.6950047670467
11/11/2018,3,7.1,85,0.7,329,4.7,0.0,0.0,0.0,Autumn,No Holiday,Yes,1,0,0,1,0,1,271.6780174889211
11/11/2018,4,6.9,82,0.5,337,4.0,0.0,0.0,0.0,Autumn,No Holiday,Yes,1,0,0,1,0,1,307.5828514563989
11/11/2018,5,6.8,83,0.6,341,4.1,0.0,0.0,0.0,Autumn,No Holiday,Yes,1,0,0,1,0,1,307.5828514563989
11/11/2018,6,6.6,84,1.2,373,4.0,0.0,0.0,0.0,Autumn,No Holiday,Yes,1,0,0,1,0,1,275.55837792368686
11/11/2018,7,6.4,84,1.3,369,3.8,0.0,0.0,0.0,Autumn,No Holiday,Yes,1,0,0,1,0,1,275.55837792368686
11/11/2018,8,6.3,81,0.8,365,3.2,0.11,0.0,0.0,Autumn,No Holiday,Yes,1,0,0,1,0,1,585.9412251488196
11/11/2018,9,7.8,72,1.2,360,3.0,0.54,0.0,0.0,Autumn,No Holiday,Yes,1,0,0,1,0,1,916.1599833376822
11/11/2018,10,10.2,68,0.7,354,4.5,1.06,0.0,0.0,Autumn,No Holiday,Yes,1,0,0,1,0,1,862.4466102564415
11/11/2018,11,10.7,68,0.4,341,5.0,0.54,0.0,0.0,Autumn,No Holiday,Yes,1,0,0,1,0,1,939.3280875037786
11/11/2018,12,10.6,72,2.0,365,5.7,0.29,0.0,0.0,Autumn,No Holiday,Yes,1,0,0,1,0,1,939.1658298088273
11/11/2018,13,9.8,70,1.7,360,4.5,0.33,0.0,0.0,Autumn,No Holiday,Yes,1,0,0,1,0,1,942.0130347801813
11/11/2018,14,10.1,58,0.9,605,2.1,0.43,0.0,0.0,Autumn,No Holiday,Yes,1,0,0,1,0,1,1049.730819221422
11/11/2018,15,10.2,58,2.0,573,2.2,0.29,0.0,0.0,Autumn,No Holiday,Yes,1,0,0,1,0,1,1069.022327968721
11/11/2018,16,9.9,59,1.3,578,2.2,0.1,0.0,0.0,Autumn,No Holiday,Yes,1,0,0,1,0,1,967.9799148864336
11/11/2018,17,8.9,57,3.0,1149,0.8,0.03,0.0,0.0,Autumn,No Holiday,Yes,1,0,0,1,0,1,1102.6193677961003
11/11/2018,18,8.9,55,2.0,1333,0.3,0.0,0.0,0.0,Autumn,No Holiday,Yes,1,0,0,1,0,1,867.4694163733075
11/11/2018,19,8.7,52,0.8,1590,-0.6,0.0,0.0,0.0,Autumn,No Holiday,Yes,1,0,0,1,0,1,868.6411707642484
11/11/2018,20,8.2,53,0.6,1621,-0.8,0.0,0.0,0.0,Autumn,No Holiday,Yes,1,0,0,1,0,1,868.6411707642484
11/11/2018,21,8.0,51,0.5,1989,-1.5,0.0,0.0,0.0,Autumn,No Holiday,Yes,1,0,0,1,0,1,801.2674569690557
11/11/2018,22,7.0,60,0.0,1948,-0.2,0.0,0.0,0.0,Autumn,No Holiday,Yes,1,0,0,1,0,1,583.5802705309455
11/11/2018,23,6.3,62,0.0,1993,-0.4,0.0,0.0,0.0,Autumn,No Holiday,Yes,1,0,0,1,0,1,505.0068156657037
12/11/2018,0,5.4,64,0.8,2000,-0.8,0.0,0.0,0.0,Autumn,No Holiday,Yes,1,0,0,1,0,1,512.7557943026296
12/11/2018,1,5.0,67,1.3,2000,-0.6,0.0,0.0,0.0,Autumn,No Holiday,Yes,1,0,0,1,0,1,508.61526792407847
12/11/2018,2,4.8,66,1.6,2000,-1.0,0.0,0.0,0.0,Autumn,No Holiday,Yes,1,0,0,1,0,1,516.1697835174231
12/11/2018,3,4.6,65,0.1,2000,-1.4,0.0,0.0,0.0,Autumn,No Holiday,Yes,1,0,0,1,0,1,434.18647715708425
12/11/2018,4,4.0,68,0.0,2000,-1.3,0.0,0.0,0.0,Autumn,No Holiday,Yes,1,0,0,1,0,1,434.18647715708425
12/11/2018,5,4.0,71,0.0,2000,-0.7,0.0,0.0,0.0,Autumn,No Holiday,Yes,1,0,0,1,0,1,499.2186035730349
12/11/2018,6,3.8,69,0.0,1995,-1.3,0.0,0.0,0.0,Autumn,No Holiday,Yes,1,0,0,1,0,1,441.3150430548773
12/11/2018,7,3.4,72,1.0,1989,-1.1,0.0,0.0,0.0,Autumn,No Holiday,Yes,1,0,0,1,0,1,506.84520386961026
12/11/2018,8,3.3,69,0.0,2000,-1.8,0.06,0.0,0.0,Autumn,No Holiday,Yes,1,0,0,1,0,1,903.6182030732688
12/11/2018,9,5.2,55,1.4,1752,-3.1,0.67,0.0,0.0,Autumn,No Holiday,Yes,1,0,0,1,0,1,900.1069986759534
12/11/2018,10,8.3,50,1.1,1364,-1.5,1.23,0.0,0.0,Autumn,No Holiday,Yes,1,0,0,1,0,1,1163.2172631764427
12/11/2018,11,10.3,40,0.7,1672,-2.7,1.66,0.0,0.0,Autumn,No Holiday,Yes,1,0,0,1,0,1,1034.8974093475038
12/11/2018,12,12.3,37,0.8,1690,-1.9,1.93,0.0,0.0,Autumn,No Holiday,Yes,1,0,0,1,0,1,1097.1025198589828
12/11/2018,13,13.3,36,2.1,1283,-1.4,1.99,0.0,0.0,Autumn,No Holiday,Yes,1,0,0,1,0,1,1140.8747337027248
12/11/2018,14,14.2,33,1.5,1374,-1.8,1.84,0.0,0.0,Autumn,No Holiday,Yes,1,0,0,1,0,1,1200.5590468710147
12/11/2018,15,13.8,34,2.4,1438,-1.8,1.45,0.0,0.0,Autumn,No Holiday,Yes,1,0,0,1,0,1,1171.5259020688245
12/11/2018,16,12.9,38,2.6,1476,-1.1,0.94,0.0,0.0,Autumn,No Holiday,Yes,1,0,0,1,0,1,1473.8511621117773
12/11/2018,17,11.8,43,1.8,1685,-0.3,0.34,0.0,0.0,Autumn,No Holiday,Yes,1,0,0,1,0,1,1543.6653262448535
12/11/2018,18,10.6,45,1.8,1936,-0.8,0.01,0.0,0.0,Autumn,No Holiday,Yes,1,0,0,1,0,1,1443.775999522772
12/11/2018,19,9.8,46,2.8,1945,-1.2,0.0,0.0,0.0,Autumn,No Holiday,Yes,1,0,0,1,0,1,981.4147724256809
12/11/2018,20,9.0,48,1.9,1879,-1.4,0.0,0.0,0.0,Autumn,No Holiday,Yes,1,0,0,1,0,1,984.4294183153054
12/11/2018,21,8.5,50,0.5,1707,-1.3,0.0,0.0,0.0,Autumn,No Holiday,Yes,1,0,0,1,0,1,875.3666234513105
12/11/2018,22,7.6,55,1.7,1694,-0.8,0.0,0.0,0.0,Autumn,No Holiday,Yes,1,0,0,1,0,1,854.4606710292949
12/11/2018,23,6.9,60,0.8,1610,-0.3,0.0,0.0,0.0,Autumn,No Holiday,Yes,1,0,0,1,0,1,587.192983197559
13/11/2018,0,6.2,63,0.8,1611,-0.3,0.0,0.0,0.0,Autumn,No Holiday,Yes,1,0,0,1,0,1,508.6195283323171
13/11/2018,1,5.6,68,0.5,1576,0.1,0.0,0.0,0.0,Autumn,No Holiday,Yes,1,0,0,1,0,1,495.0823376027226
13/11/2018,2,5.6,64,0.1,1556,-0.6,0.0,0.0,0.0,Autumn,No Holiday,Yes,1,0,0,1,0,1,523.497072867036
13/11/2018,3,5.3,62,0.0,1485,-1.4,0.0,0.0,0.0,Autumn,No Holiday,Yes,1,0,0,1,0,1,458.46494645108515
13/11/2018,4,4.9,63,0.0,1397,-1.5,0.0,0.0,0.0,Autumn,No Holiday,Yes,1,0,0,1,0,1,458.46494645108515
13/11/2018,5,4.7,72,0.0,1310,0.0,0.0,0.0,0.0,Autumn,No Holiday,Yes,1,0,0,1,0,1,481.73722635382086
13/11/2018,6,4.2,72,0.8,1326,-0.4,0.0,0.0,0.0,Autumn,No Holiday,Yes,1,0,0,1,0,1,481.73722635382086
13/11/2018,7,4.4,72,0.3,1189,-0.2,0.0,0.0,0.0,Autumn,No Holiday,Yes,1,0,0,1,0,1,481.73722635382086
13/11/2018,8,4.7,68,0.5,1032,-0.7,0.06,0.0,0.0,Autumn,No Holiday,Yes,1,0,0,1,0,1,923.7449084627027
13/11/2018,9,6.0,59,1.0,719,-1.4,0.6,0.0,0.0,Autumn,No Holiday,Yes,1,0,0,1,0,1,845.807886710086
13/11/2018,10,9.0,51,0.9,706,-0.6,1.16,0.0,0.0,Autumn,No Holiday,Yes,1,0,0,1,0,1,1240.1781075964411
13/11/2018,11,11.4,46,0.8,876,0.1,1.57,0.0,0.0,Autumn,No Holiday,Yes,1,0,0,1,0,1,1170.045426102835
13/11/2018,12,12.8,45,1.8,1170,1.1,1.82,0.0,0.0,Autumn,No Holiday,Yes,1,0,0,1,0,1,1182.903604808815
13/11/2018,13,13.5,43,2.2,1687,1.1,1.92,0.0,0.0,Autumn,No Holiday,Yes,1,0,0,1,0,1,1201.9951468202119
13/11/2018,14,15.0,37,1.6,1703,0.4,1.82,0.0,0.0,Autumn,No Holiday,Yes,1,0,0,1,0,1,1304.645846844337
13/11/2018,15,15.3,37,1.8,1774,0.6,1.5,0.0,0.0,Autumn,No Holiday,Yes,1,0,0,1,0,1,1304.645846844337
13/11/2018,16,14.2,37,2.0,1783,-0.3,0.91,0.0,0.0,Autumn,No Holiday,Yes,1,0,0,1,0,1,1578.2691895227072
13/11/2018,17,12.7,40,1.9,1967,-0.5,0.33,0.0,0.0,Autumn,No Holiday,Yes,1,0,0,1,0,1,1556.4758957078882
13/11/2018,18,11.3,42,1.2,1846,-1.1,0.01,0.0,0.0,Autumn,No Holiday,Yes,1,0,0,1,0,1,1452.527819075497
13/11/2018,19,9.8,45,1.3,1882,-1.5,0.0,0.0,0.0,Autumn,No Holiday,Yes,1,0,0,1,0,1,979.170881858405
13/11/2018,20,9.5,44,1.8,1991,-2.1,0.0,0.0,0.0,Autumn,No Holiday,Yes,1,0,0,1,0,1,919.1547996528952
13/11/2018,21,8.5,42,1.1,2000,-3.7,0.0,0.0,0.0,Autumn,No Holiday,Yes,1,0,0,1,0,1,937.0552921675962
13/11/2018,22,8.1,50,0.5,2000,-1.7,0.0,0.0,0.0,Autumn,No Holiday,Yes,1,0,0,1,0,1,851.6188141896173
13/11/2018,23,7.6,49,0.6,1971,-2.4,0.0,0.0,0.0,Autumn,No Holiday,Yes,1,0,0,1,0,1,777.7853340884831
14/11/2018,0,7.0,54,0.9,1862,-1.6,0.0,0.0,0.0,Autumn,No Holiday,Yes,1,0,0,1,0,1,709.7067196060715
14/11/2018,1,6.5,60,0.5,1788,-0.7,0.0,0.0,0.0,Autumn,No Holiday,Yes,1,0,0,1,0,1,602.0705277322778
14/11/2018,2,6.2,59,0.6,1584,-1.2,0.0,0.0,0.0,Autumn,No Holiday,Yes,1,0,0,1,0,1,534.6742101054964
14/11/2018,3,6.1,66,0.5,1347,0.2,0.0,0.0,0.0,Autumn,No Holiday,Yes,1,0,0,1,0,1,495.0823376027226
14/11/2018,4,5.6,70,0.6,1311,0.5,0.0,0.0,0.0,Autumn,No Holiday,Yes,1,0,0,1,0,1,495.0823376027226
14/11/2018,5,5.3,72,0.2,1278,0.6,0.0,0.0,0.0,Autumn,No Holiday,Yes,1,0,0,1,0,1,481.73722635382086
14/11/2018,6,5.1,76,1.1,1195,1.2,0.0,0.0,0.0,Autumn,No Holiday,Yes,1,0,0,1,0,1,442.990666286968
14/11/2018,7,5.2,78,0.3,1182,1.6,0.0,0.0,0.0,Autumn,No Holiday,Yes,1,0,0,1,0,1,437.47709018351816
14/11/2018,8,5.0,77,1.5,1115,1.2,0.07,0.0,0.0,Autumn,No Holiday,Yes,1,0,0,1,0,1,880.9526838656697
14/11/2018,9,7.1,61,0.5,1493,0.0,0.57,0.0,0.0,Autumn,No Holiday,Yes,1,0,0,1,0,1,938.3153842721846
14/11/2018,10,9.6,53,1.4,1818,0.4,1.16,0.0,0.0,Autumn,No Holiday,Yes,1,0,0,1,0,1,1184.2376622118168
14/11/2018,11,12.1,49,0.8,1827,1.6,1.61,0.0,0.0,Autumn,No Holiday,Yes,1,0,0,1,0,1,1126.4846771808093
14/11/2018,12,14.2,45,0.9,1531,2.4,1.86,0.0,0.0,Autumn,No Holiday,Yes,1,0,0,1,0,1,1170.0651411937886
14/11/2018,13,15.7,41,2.3,1322,2.4,2.01,0.0,0.0,Autumn,No Holiday,Yes,1,0,0,1,0,1,1167.8705177861098
14/11/2018,14,16.1,32,1.4,1703,-0.6,1.8,0.0,0.0,Autumn,No Holiday,Yes,1,0,0,1,0,1,1365.8020296587415
14/11/2018,15,15.9,30,0.7,1823,-1.6,1.34,0.0,0.0,Autumn,No Holiday,Yes,1,0,0,1,0,1,1354.5854722816414
14/11/2018,16,15.2,40,2.7,1371,1.6,0.87,0.0,0.0,Autumn,No Holiday,Yes,1,0,0,1,0,1,1528.7020094763134
14/11/2018,17,13.6,46,1.8,1374,2.1,0.31,0.0,0.0,Autumn,No Holiday,Yes,1,0,0,1,0,1,1540.0802802714297
14/11/2018,18,12.2,47,2.6,1427,1.2,0.01,0.0,0.0,Autumn,No Holiday,Yes,1,0,0,1,0,1,1461.6698998213708
14/11/2018,19,11.5,52,2.4,1319,1.9,0.0,0.0,0.0,Autumn,No Holiday,Yes,1,0,0,1,0,1,884.6538816256348
14/11/2018,20,10.5,52,1.4,1153,1.0,0.0,0.0,0.0,Autumn,No Holiday,Yes,1,0,0,1,0,1,868.0312245042772
14/11/2018,21,9.8,52,0.5,1255,0.3,0.0,0.0,0.0,Autumn,No Holiday,Yes,1,0,0,1,0,1,861.463188980281
14/11/2018,22,8.8,58,0.5,1358,0.9,0.0,0.0,0.0,Autumn,No Holiday,Yes,1,0,0,1,0,1,697.1082077647093
14/11/2018,23,8.4,65,0.8,1216,2.1,0.0,0.0,0.0,Autumn,No Holiday,Yes,1,0,0,1,0,1,495.1020526936761
15/11/2018,0,7.7,67,0.4,1102,1.9,0.0,0.0,0.0,Autumn,No Holiday,Yes,1,0,0,1,0,1,495.1020526936761
15/11/2018,1,7.3,64,0.3,1150,0.9,0.0,0.0,0.0,Autumn,No Holiday,Yes,1,0,0,1,0,1,508.6195283323171
15/11/2018,2,7.1,68,0.6,1082,1.5,0.0,0.0,0.0,Autumn,No Holiday,Yes,1,0,0,1,0,1,495.1020526936761
15/11/2018,3,6.5,75,1.1,970,2.3,0.0,0.0,0.0,Autumn,No Holiday,Yes,1,0,0,1,0,1,443.01038137792153
15/11/2018,4,6.1,72,0.5,1052,1.4,0.0,0.0,0.0,Autumn,No Holiday,Yes,1,0,0,1,0,1,481.7569414447744
15/11/2018,5,5.3,78,1.4,952,1.7,0.0,0.0,0.0,Autumn,No Holiday,Yes,1,0,0,1,0,1,444.025410616561
15/11/2018,6,4.9,76,1.1,800,1.0,0.0,0.0,0.0,Autumn,No Holiday,Yes,1,0,0,1,0,1,442.990666286968
15/11/2018,7,4.8,76,0.7,762,0.9,0.0,0.0,0.0,Autumn,No Holiday,Yes,1,0,0,1,0,1,437.45737509256463
15/11/2018,8,5.3,75,1.0,808,1.2,0.1,0.0,0.0,Autumn,No Holiday,Yes,1,0,0,1,0,1,874.8792122835121
15/11/2018,9,6.8,64,1.0,949,0.4,0.5,0.0,0.0,Autumn,No Holiday,Yes,1,0,0,1,0,1,946.0413655232644
15/11/2018,10,8.6,57,0.6,1102,0.5,0.77,0.0,0.0,Autumn,No Holiday,Yes,1,0,0,1,0,1,1072.148490608916
15/11/2018,11,11.1,47,1.2,1047,0.1,1.48,0.0,0.0,Autumn,No Holiday,Yes,1,0,0,1,0,1,1185.7322336358623
15/11/2018,12,13.8,43,0.9,987,1.4,1.61,0.0,0.0,Autumn,No Holiday,Yes,1,0,0,1,0,1,1203.329817541314
15/11/2018,13,15.1,37,1.9,990,0.4,1.74,0.0,0.0,Autumn,No Holiday,Yes,1,0,0,1,0,1,1303.7588814631742
15/11/2018,14,15.1,33,1.5,1045,-1.0,1.31,0.0,0.0,Autumn,No Holiday,Yes,1,0,0,1,0,1,1466.0167746032425
15/11/2018,15,16.1,30,1.0,1125,-1.5,1.06,0.0,0.0,Autumn,No Holiday,Yes,1,0,0,1,0,1,1429.3168478057967
15/11/2018,16,15.4,34,1.4,1016,-0.4,0.68,0.0,0.0,Autumn,No Holiday,Yes,1,0,0,1,0,1,1585.742481586214
15/11/2018,17,13.7,38,1.4,884,-0.3,0.29,0.0,0.0,Autumn,No Holiday,Yes,1,0,0,1,0,1,1557.362861089051
15/11/2018,18,12.1,46,1.4,799,0.8,0.01,0.0,0.0,Autumn,No Holiday,Yes,1,0,0,1,0,1,1473.1197643555138
15/11/2018,19,11.2,46,1.4,869,0.0,0.0,0.0,0.0,Autumn,No Holiday,Yes,1,0,0,1,0,1,1147.4210815847086
15/11/2018,20,9.5,49,1.3,918,-0.7,0.0,0.0,0.0,Autumn,No Holiday,Yes,1,0,0,1,0,1,1028.0074570098745
15/11/2018,21,9.6,52,1.3,906,0.2,0.0,0.0,0.0,Autumn,No Holiday,Yes,1,0,0,1,0,1,870.8598533313244
15/11/2018,22,8.7,53,0.4,764,-0.3,0.0,0.0,0.0,Autumn,No Holiday,Yes,1,0,0,1,0,1,853.7636262295296
15/11/2018,23,8.1,57,0.7,752,0.0,0.0,0.0,0.0,Autumn,No Holiday,Yes,1,0,0,1,0,1,697.1082077647093
16/11/2018,0,7.8,57,0.3,792,-0.2,0.0,0.0,0.0,Autumn,No Holiday,Yes,1,0,0,1,0,1,689.4086450139579
16/11/2018,1,7.8,59,0.6,768,0.2,0.0,0.0,0.0,Autumn,No Holiday,Yes,1,0,0,1,0,1,609.824012235317
16/11/2018,2,7.7,63,1.0,704,1.0,0.0,0.0,0.0,Autumn,No Holiday,Yes,1,0,0,1,0,1,483.00553895852
16/11/2018,3,7.4,63,0.6,699,0.8,0.0,0.0,0.0,Autumn,No Holiday,Yes,1,0,0,1,0,1,486.37434817332144
16/11/2018,4,7.1,64,0.6,663,0.7,0.0,0.0,0.0,Autumn,No Holiday,Yes,1,0,0,1,0,1,486.37434817332144
16/11/2018,5,6.9,66,0.5,698,0.9,0.0,0.0,0.0,Autumn,No Holiday,Yes,1,0,0,1,0,1,472.8371574437269
16/11/2018,6,7.1,65,0.5,713,0.9,0.0,0.0,0.0,Autumn,No Holiday,Yes,1,0,0,1,0,1,472.8371574437269
16/11/2018,7,6.6,64,0.5,701,0.2,0.0,0.0,0.0,Autumn,No Holiday,Yes,1,0,0,1,0,1,486.37434817332144
16/11/2018,8,7.0,64,0.8,683,0.6,0.03,0.0,0.0,Autumn,No Holiday,Yes,1,0,0,1,0,1,864.0489596620953
16/11/2018,9,8.2,61,0.6,586,1.1,0.26,0.0,0.0,Autumn,No Holiday,Yes,1,0,0,1,0,1,891.8707816899415
16/11/2018,10,9.4,55,0.1,570,0.7,0.49,0.0,0.0,Autumn,No Holiday,Yes,1,0,0,1,0,1,1174.303867508541
16/11/2018,11,11.9,44,2.1,791,0.0,1.22,0.0,0.0,Autumn,No Holiday,Yes,1,0,0,1,0,1,1499.1153491165992
16/11/2018,12,13.4,48,2.3,962,2.5,1.64,0.0,0.0,Autumn,No Holiday,Yes,1,0,0,1,0,1,1170.5504065491218
16/11/2018,13,14.4,49,3.5,890,3.8,1.71,0.0,0.0,Autumn,No Holiday,Yes,1,0,0,1,0,1,1132.3097573039875
16/11/2018,14,13.3,53,2.6,761,3.9,1.34,0.0,0.0,Autumn,No Holiday,Yes,1,0,0,1,0,1,1234.2389967651382
16/11/2018,15,13.2,61,3.9,719,5.8,1.03,0.0,0.0,Autumn,No Holiday,Yes,1,0,0,1,0,1,903.9045352286879
16/11/2018,16,11.8,66,3.0,687,5.6,0.44,0.0,0.0,Autumn,No Holiday,Yes,1,0,0,1,0,1,1023.8748460631768
16/11/2018,17,11.0,70,2.9,617,5.7,0.12,0.0,0.0,Autumn,No Holiday,Yes,1,0,0,1,0,1,995.0926220966539
16/11/2018,18,9.9,74,2.6,492,5.4,0.0,0.0,0.0,Autumn,No Holiday,Yes,1,0,0,1,0,1,533.9506702458029
16/11/2018,19,8.7,78,2.5,460,5.0,0.0,0.0,0.0,Autumn,No Holiday,Yes,1,0,0,1,0,1,516.3448057786375
16/11/2018,20,7.6,76,3.9,603,3.6,0.0,0.0,0.0,Autumn,No Holiday,Yes,1,0,0,1,0,1,475.3080269745559
16/11/2018,21,6.8,73,2.3,730,2.2,0.0,0.0,0.0,Autumn,No Holiday,Yes,1,0,0,1,0,1,443.1545408858594
16/11/2018,22,6.2,72,1.4,848,1.5,0.0,0.0,0.0,Autumn,No Holiday,Yes,1,0,0,1,0,1,488.3052618778173
16/11/2018,23,5.0,75,1.1,835,0.9,0.0,0.0,0.0,Autumn,No Holiday,Yes,1,0,0,1,0,1,442.990666286968
17/11/2018,0,4.2,76,2.1,870,0.3,0.0,0.0,0.0,Autumn,No Holiday,Yes,1,0,0,1,0,1,451.3978922447173
17/11/2018,1,3.4,76,0.5,909,-0.4,0.0,0.0,0.0,Autumn,No Holiday,Yes,1,0,0,1,0,1,437.45737509256463
17/11/2018,2,2.9,77,1.8,853,-0.7,0.0,0.0,0.0,Autumn,No Holiday,Yes,1,0,0,1,0,1,467.87708581639015
17/11/2018,3,2.5,77,2.3,992,-1.1,0.0,0.0,0.0,Autumn,No Holiday,Yes,1,0,0,1,0,1,465.6224180670497
17/11/2018,4,1.7,74,1.7,1226,-2.4,0.0,0.0,0.0,Autumn,No Holiday,Yes,1,0,0,1,0,1,395.91771851297545
17/11/2018,5,1.1,75,0.6,1270,-2.8,0.0,0.0,0.0,Autumn,No Holiday,Yes,1,0,0,1,0,1,383.9557179809526
17/11/2018,6,1.0,77,0.6,1259,-2.5,0.0,0.0,0.0,Autumn,No Holiday,Yes,1,0,0,1,0,1,383.9557179809526
17/11/2018,7,0.8,77,0.9,1300,-2.7,0.0,0.0,0.0,Autumn,No Holiday,Yes,1,0,0,1,0,1,383.9557179809526
17/11/2018,8,0.7,72,1.0,1397,-3.7,0.05,0.0,0.0,Autumn,No Holiday,Yes,1,0,0,1,0,1,666.850886990451
17/11/2018,9,2.2,53,0.5,1595,-6.4,0.62,0.0,0.0,Autumn,No Holiday,Yes,1,0,0,1,0,1,799.1885629539237
17/11/2018,10,4.7,47,1.2,1788,-5.6,1.22,0.0,0.0,Autumn,No Holiday,Yes,1,0,0,1,0,1,1094.4446550246025
17/11/2018,11,7.8,38,0.8,1369,-5.6,1.65,0.0,0.0,Autumn,No Holiday,Yes,1,0,0,1,0,1,966.692612794568
17/11/2018,12,9.1,34,1.0,1802,-5.9,1.95,0.0,0.0,Autumn,No Holiday,Yes,1,0,0,1,0,1,1031.120831311499
17/11/2018,13,10.9,32,2.1,1581,-5.1,1.85,0.0,0.0,Autumn,No Holiday,Yes,1,0,0,1,0,1,1113.6573733916807
17/11/2018,14,9.7,34,1.9,1786,-5.4,0.8,0.0,0.0,Autumn,No Holiday,Yes,1,0,0,1,0,1,1217.95861146983
17/11/2018,15,8.9,34,2.9,1787,-6.1,0.52,0.0,0.0,Autumn,No Holiday,Yes,1,0,0,1,0,1,994.0735796818044
17/11/2018,16,8.3,35,2.1,1987,-6.2,0.37,0.0,0.0,Autumn,No Holiday,Yes,1,0,0,1,0,1,1042.1758887981864
17/11/2018,17,7.7,34,2.6,2000,-7.2,0.13,0.0,0.0,Autumn,No Holiday,Yes,1,0,0,1,0,1,1038.6435937406338
17/11/2018,18,7.1,40,0.6,1995,-5.6,0.01,0.0,0.0,Autumn,No Holiday,Yes,1,0,0,1,0,1,1125.9452626317593
17/11/2018,19,6.0,44,0.8,1758,-5.3,0.0,0.0,0.0,Autumn,No Holiday,Yes,1,0,0,1,0,1,888.9846979719651
17/11/2018,20,5.4,43,2.7,1913,-6.2,0.0,0.0,0.0,Autumn,No Holiday,Yes,1,0,0,1,0,1,754.1064593844126
17/11/2018,21,5.0,42,1.5,1927,-6.8,0.0,0.0,0.0,Autumn,No Holiday,Yes,1,0,0,1,0,1,779.4371381040013
17/11/2018,22,4.4,43,1.1,2000,-7.1,0.0,0.0,0.0,Autumn,No Holiday,Yes,1,0,0,1,0,1,778.4023937744083
17/11/2018,23,4.1,46,1.8,2000,-6.5,0.0,0.0,0.0,Autumn,No Holiday,Yes,1,0,0,1,0,1,764.3456290800483
18/11/2018,0,3.6,49,0.8,1990,-6.1,0.0,0.0,0.0,Autumn,No Holiday,Yes,1,0,0,1,0,1,665.4101345065884
18/11/2018,1,3.2,54,1.2,1968,-5.2,0.0,0.0,0.0,Autumn,No Holiday,Yes,1,0,0,1,0,1,683.2176551811131
18/11/2018,2,2.9,49,2.0,1989,-6.7,0.0,0.0,0.0,Autumn,No Holiday,Yes,1,0,0,1,0,1,680.0653353145323
18/11/2018,3,2.5,49,0.2,2000,-7.1,0.0,0.0,0.0,Autumn,No Holiday,Yes,1,0,0,1,0,1,665.4101345065884
18/11/2018,4,2.5,49,0.4,1988,-7.1,0.0,0.0,0.0,Autumn,No Holiday,Yes,1,0,0,1,0,1,665.4101345065884
18/11/2018,5,2.3,53,0.6,1763,-6.3,0.0,0.0,0.0,Autumn,No Holiday,Yes,1,0,0,1,0,1,610.9057653639426
18/11/2018,6,1.9,53,0.4,1813,-6.6,0.0,0.0,0.0,Autumn,No Holiday,Yes,1,0,0,1,0,1,610.9057653639426
18/11/2018,7,2.1,56,0.7,1477,-5.7,0.0,0.0,0.0,Autumn,No Holiday,Yes,1,0,0,1,0,1,605.7129181510425
18/11/2018,8,2.6,53,0.7,1548,-6.0,0.03,0.0,0.0,Autumn,No Holiday,Yes,1,0,0,1,0,1,782.4615313919587
18/11/2018,9,3.5,53,1.0,1338,-5.2,0.22,0.0,0.0,Autumn,No Holiday,Yes,1,0,0,1,0,1,927.0721403958084
18/11/2018,10,4.8,40,1.1,1676,-7.6,0.59,0.0,0.0,Autumn,No Holiday,Yes,1,0,0,1,0,1,995.0902293410812
18/11/2018,11,7.6,35,0.8,1695,-6.9,1.25,0.0,0.0,Autumn,No Holiday,Yes,1,0,0,1,0,1,975.6160569510007
18/11/2018,12,9.2,47,2.5,1910,-1.5,1.37,0.0,0.0,Autumn,No Holiday,Yes,1,0,0,1,0,1,1046.2907027369627
18/11/2018,13,9.9,37,2.1,1900,-4.1,1.32,0.0,0.0,Autumn,No Holiday,Yes,1,0,0,1,0,1,1139.2620079043056
18/11/2018,14,10.1,37,2.4,1723,-3.9,1.24,0.0,0.0,Autumn,No Holiday,Yes,1,0,0,1,0,1,1190.4833219964564
18/11/2018,15,9.6,34,1.6,1806,-5.5,0.73,0.0,0.0,Autumn,No Holiday,Yes,1,0,0,1,0,1,1226.916373790553
18/11/2018,16,9.4,39,1.8,1704,-3.8,0.56,0.0,0.0,Autumn,No Holiday,Yes,1,0,0,1,0,1,1198.5367532933901
18/11/2018,17,8.7,42,1.7,1576,-3.5,0.18,0.0,0.0,Autumn,No Holiday,Yes,1,0,0,1,0,1,1184.8392184491927
18/11/2018,18,8.4,46,2.4,1823,-2.5,0.0,0.0,0.0,Autumn,No Holiday,Yes,1,0,0,1,0,1,891.0589083960804
18/11/2018,19,7.9,45,1.0,1602,-3.3,0.0,0.0,0.0,Autumn,No Holiday,Yes,1,0,0,1,0,1,874.3312800329888
18/11/2018,20,7.4,50,0.7,1499,-2.3,0.0,0.0,0.0,Autumn,No Holiday,Yes,1,0,0,1,0,1,781.3980467550965
18/11/2018,21,7.1,52,0.8,1516,-2.1,0.0,0.0,0.0,Autumn,No Holiday,Yes,1,0,0,1,0,1,683.4411071685796
18/11/2018,22,6.8,53,0.4,1498,-2.1,0.0,0.0,0.0,Autumn,No Holiday,Yes,1,0,0,1,0,1,683.4411071685796
18/11/2018,23,7.0,55,0.2,1501,-1.4,0.0,0.0,0.0,Autumn,No Holiday,Yes,1,0,0,1,0,1,709.7067196060715
19/11/2018,0,6.8,56,0.7,1505,-1.3,0.0,0.0,0.0,Autumn,No Holiday,Yes,1,0,0,1,0,1,637.9859342604309
19/11/2018,1,5.9,60,0.5,1332,-1.2,0.0,0.0,0.0,Autumn,No Holiday,Yes,1,0,0,1,0,1,519.7427438184897
19/11/2018,2,5.4,65,0.7,1230,-0.6,0.0,0.0,0.0,Autumn,No Holiday,Yes,1,0,0,1,0,1,509.95988213744135
19/11/2018,3,4.8,65,0.8,1179,-1.2,0.0,0.0,0.0,Autumn,No Holiday,Yes,1,0,0,1,0,1,444.9277557214907
19/11/2018,4,4.5,67,0.9,1175,-1.1,0.0,0.0,0.0,Autumn,No Holiday,Yes,1,0,0,1,0,1,520.3430265578332
19/11/2018,5,4.1,70,1.0,1100,-0.8,0.0,0.0,0.0,Autumn,No Holiday,Yes,1,0,0,1,0,1,506.5910729226399
19/11/2018,6,3.8,71,0.7,1071,-0.9,0.0,0.0,0.0,Autumn,No Holiday,Yes,1,0,0,1,0,1,520.3430265578332
19/11/2018,7,3.4,73,1.1,1012,-0.9,0.0,0.0,0.0,Autumn,No Holiday,Yes,1,0,0,1,0,1,468.2513552420786
19/11/2018,8,3.5,71,0.8,958,-1.2,0.06,0.0,0.0,Autumn,No Holiday,Yes,1,0,0,1,0,1,858.7127820467521
19/11/2018,9,4.6,60,0.8,967,-2.5,0.46,0.0,0.0,Autumn,No Holiday,Yes,1,0,0,1,0,1,831.2255505615979
19/11/2018,10,7.5,53,0.8,909,-1.4,1.0,0.0,0.0,Autumn,No Holiday,Yes,1,0,0,1,0,1,1018.1665684037762
19/11/2018,11,9.8,51,0.5,781,0.1,1.42,0.0,0.0,Autumn,No Holiday,Yes,1,0,0,1,0,1,1107.5530318193923
19/11/2018,12,10.3,38,1.2,1130,-3.4,1.08,0.0,0.0,Autumn,No Holiday,Yes,1,0,0,1,0,1,1157.2125014833446
19/11/2018,13,10.8,44,2.0,935,-0.9,1.01,0.0,0.0,Autumn,No Holiday,Yes,1,0,0,1,0,1,1489.1133869981695
19/11/2018,14,10.6,34,2.8,920,-4.6,1.07,0.0,0.0,Autumn,No Holiday,Yes,1,0,0,1,0,1,1199.2783628962443
19/11/2018,15,11.1,35,1.9,861,-3.8,1.11,0.0,0.0,Autumn,No Holiday,Yes,1,0,0,1,0,1,1201.9495548749871
19/11/2018,16,9.7,43,2.7,1012,-2.2,0.37,0.0,0.0,Autumn,No Holiday,Yes,1,0,0,1,0,1,1232.6200198028755
19/11/2018,17,8.7,48,1.7,965,-1.7,0.25,0.0,0.0,Autumn,No Holiday,Yes,1,0,0,1,0,1,1341.9958316375908
19/11/2018,18,7.5,48,2.4,1079,-2.8,0.0,0.0,0.0,Autumn,No Holiday,Yes,1,0,0,1,0,1,891.0589083960804
19/11/2018,19,6.8,52,0.8,960,-2.3,0.0,0.0,0.0,Autumn,No Holiday,Yes,1,0,0,1,0,1,683.4411071685796
19/11/2018,20,6.0,50,1.5,931,-3.6,0.0,0.0,0.0,Autumn,No Holiday,Yes,1,0,0,1,0,1,787.9660822790928
19/11/2018,21,5.8,44,2.2,1205,-5.5,0.0,0.0,0.0,Autumn,No Holiday,Yes,1,0,0,1,0,1,904.9996956586783
19/11/2018,22,5.3,39,2.3,1512,-7.5,0.0,0.0,0.0,Autumn,No Holiday,Yes,1,0,0,1,0,1,767.8039942286097
19/11/2018,23,4.2,42,2.2,1360,-7.6,0.0,0.0,0.0,Autumn,No Holiday,Yes,1,0,0,1,0,1,756.7626379228357
20/11/2018,0,3.8,42,1.7,1458,-7.9,0.0,0.0,0.0,Autumn,No Holiday,Yes,1,0,0,1,0,1,788.4438157786412
20/11/2018,1,2.9,43,1.0,1750,-8.4,0.0,0.0,0.0,Autumn,No Holiday,Yes,1,0,0,1,0,1,754.87235787338
20/11/2018,2,2.6,46,1.5,1811,-7.8,0.0,0.0,0.0,Autumn,No Holiday,Yes,1,0,0,1,0,1,758.9842110815515
20/11/2018,3,1.6,43,1.1,1981,-9.6,0.0,0.0,0.0,Autumn,No Holiday,Yes,1,0,0,1,0,1,687.8942373040802
20/11/2018,4,1.3,48,0.5,2000,-8.5,0.0,0.0,0.0,Autumn,No Holiday,Yes,1,0,0,1,0,1,680.2277385497
20/11/2018,5,0.7,49,0.4,1998,-8.8,0.0,0.0,0.0,Autumn,No Holiday,Yes,1,0,0,1,0,1,649.4710468249125
20/11/2018,6,0.7,50,1.0,2000,-8.5,0.0,0.0,0.0,Autumn,No Holiday,Yes,1,0,0,1,0,1,646.102237610111
20/11/2018,7,0.5,53,1.1,2000,-7.9,0.0,0.0,0.0,Autumn,No Holiday,Yes,1,0,0,1,0,1,612.8263438917324
20/11/2018,8,0.3,53,0.9,1971,-8.1,0.05,0.0,0.0,Autumn,No Holiday,Yes,1,0,0,1,0,1,778.8488187253453
20/11/2018,9,2.3,43,1.2,1892,-9.0,0.52,0.0,0.0,Autumn,No Holiday,Yes,1,0,0,1,0,1,918.3983023727528
20/11/2018,10,5.1,33,1.4,1842,-9.8,1.1,0.0,0.0,Autumn,No Holiday,Yes,1,0,0,1,0,1,847.3503019119698
20/11/2018,11,7.5,29,1.3,1926,-9.4,1.55,0.0,0.0,Autumn,No Holiday,Yes,1,0,0,1,0,1,858.8682094902999
20/11/2018,12,10.1,23,1.8,1745,-10.1,1.82,0.0,0.0,Autumn,No Holiday,Yes,1,0,0,1,0,1,943.1909867301503
20/11/2018,13,11.6,20,1.3,1821,-10.6,1.87,0.0,0.0,Autumn,No Holiday,Yes,1,0,0,1,0,1,956.5331402406988
20/11/2018,14,12.3,16,2.5,1797,-12.8,1.69,0.0,0.0,Autumn,No Holiday,Yes,1,0,0,1,0,1,980.9977926206321
20/11/2018,15,11.9,18,3.3,1848,-11.7,1.32,0.0,0.0,Autumn,No Holiday,Yes,1,0,0,1,0,1,915.8982141924974
20/11/2018,16,11.3,21,2.8,1925,-10.2,0.82,0.0,0.0,Autumn,No Holiday,Yes,1,0,0,1,0,1,938.5541901409035
20/11/2018,17,9.8,28,2.4,1983,-7.8,0.29,0.0,0.0,Autumn,No Holiday,Yes,1,0,0,1,0,1,1104.2970110796805
20/11/2018,18,9.1,31,2.0,1932,-7.1,0.0,0.0,0.0,Autumn,No Holiday,Yes,1,0,0,1,0,1,893.084139865001
20/11/2018,19,8.7,34,2.2,1857,-6.3,0.0,0.0,0.0,Autumn,No Holiday,Yes,1,0,0,1,0,1,810.1896739861155
20/11/2018,20,8.5,32,2.6,1789,-7.2,0.0,0.0,0.0,Autumn,No Holiday,Yes,1,0,0,1,0,1,872.1350812078308
20/11/2018,21,8.8,37,3.8,1750,-5.1,0.0,0.0,0.0,Autumn,No Holiday,Yes,1,0,0,1,0,1,949.2233689203341
20/11/2018,22,8.9,40,3.4,1810,-3.9,0.0,0.0,0.0,Autumn,No Holiday,Yes,1,0,0,1,0,1,944.249484403826
20/11/2018,23,9.3,43,3.5,1807,-2.6,0.0,0.0,0.0,Autumn,No Holiday,Yes,1,0,0,1,0,1,930.551949559629
21/11/2018,0,7.2,74,1.2,772,2.8,0.0,0.2,0.0,Autumn,No Holiday,Yes,1,0,0,1,0,1,456.3410246126966
21/11/2018,1,6.9,86,0.7,533,4.7,0.0,0.0,0.0,Autumn,No Holiday,Yes,1,0,0,1,0,1,271.6780174889211
21/11/2018,2,6.9,87,0.7,822,4.8,0.0,0.0,0.0,Autumn,No Holiday,Yes,1,0,0,1,0,1,293.9231976479167
21/11/2018,3,6.5,87,1.0,710,4.4,0.0,1.0,0.0,Autumn,No Holiday,Yes,1,0,0,1,0,1,101.1661239972597
21/11/2018,4,6.7,87,1.2,580,4.6,0.0,0.0,0.0,Autumn,No Holiday,Yes,1,0,0,1,0,1,267.26980083841516
21/11/2018,5,6.8,86,0.5,692,4.6,0.0,0.0,0.0,Autumn,No Holiday,Yes,1,0,0,1,0,1,271.6780174889211
21/11/2018,6,6.7,86,0.3,593,4.5,0.0,0.0,0.0,Autumn,No Holiday,Yes,1,0,0,1,0,1,271.6780174889211
21/11/2018,7,6.5,85,0.8,536,4.1,0.0,0.0,0.0,Autumn,No Holiday,Yes,1,0,0,1,0,1,271.6780174889211
21/11/2018,8,6.4,86,0.9,450,4.2,0.03,0.0,0.0,Autumn,No Holiday,Yes,1,0,0,1,0,1,495.8473232174447
21/11/2018,9,6.4,53,0.7,1486,-2.5,0.21,0.0,0.0,Autumn,No Holiday,Yes,1,0,0,1,0,1,998.6457461635464
21/11/2018,10,6.9,39,0.5,1977,-6.1,0.36,0.0,0.0,Autumn,No Holiday,Yes,1,0,0,1,0,1,993.0958824437392
21/11/2018,11,7.4,30,1.4,2000,-9.0,0.44,0.0,0.0,Autumn,No Holiday,Yes,1,0,0,1,0,1,1025.4745501437912
21/11/2018,12,7.7,34,0.6,1969,-7.2,0.49,0.0,0.0,Autumn,No Holiday,Yes,1,0,0,1,0,1,1032.8253836628223
21/11/2018,13,8.0,35,1.3,1895,-6.5,0.5,0.0,0.0,Autumn,No Holiday,Yes,1,0,0,1,0,1,1026.0246896603762
21/11/2018,14,6.7,47,2.4,2000,-3.8,0.42,0.0,0.0,Autumn,No Holiday,Yes,1,0,0,1,0,1,1169.7912610751894
21/11/2018,15,5.7,53,2.0,2000,-3.1,0.22,0.0,0.0,Autumn,No Holiday,Yes,1,0,0,1,0,1,994.322187507692
21/11/2018,16,6.1,53,0.5,2000,-2.7,0.21,0.0,0.0,Autumn,No Holiday,Yes,1,0,0,1,0,1,1043.2157602223756
21/11/2018,17,5.7,61,2.2,1987,-1.2,0.07,0.0,0.0,Autumn,No Holiday,Yes,1,0,0,1,0,1,929.8293541972027
21/11/2018,18,5.4,58,0.2,2000,-2.2,0.0,0.0,0.0,Autumn,No Holiday,Yes,1,0,0,1,0,1,578.9441109610938
21/11/2018,19,5.1,50,0.7,2000,-4.4,0.0,0.0,0.0,Autumn,No Holiday,Yes,1,0,0,1,0,1,777.7853340884831
21/11/2018,20,5.1,43,0.7,1928,-6.4,0.0,0.0,0.0,Autumn,No Holiday,Yes,1,0,0,1,0,1,754.628454421568
21/11/2018,21,4.6,44,1.1,1859,-6.6,0.0,0.0,0.0,Autumn,No Holiday,Yes,1,0,0,1,0,1,754.1057389316176
21/11/2018,22,4.6,48,2.2,1782,-5.4,0.0,0.0,0.0,Autumn,No Holiday,Yes,1,0,0,1,0,1,893.7150869345035
21/11/2018,23,3.9,46,2.0,1904,-6.6,0.0,0.0,0.0,Autumn,No Holiday,Yes,1,0,0,1,0,1,767.0713763654991
22/11/2018,0,3.1,42,3.4,1995,-8.5,0.0,0.0,0.0,Autumn,No Holiday,Yes,1,0,0,1,0,1,687.7984195236373
22/11/2018,1,2.1,39,3.2,1299,-10.4,0.0,0.0,0.0,Autumn,No Holiday,Yes,1,0,0,1,0,1,677.5949026882511
22/11/2018,2,1.3,44,1.9,2000,-9.6,0.0,0.0,0.0,Autumn,No Holiday,Yes,1,0,0,1,0,1,669.1067794082165
22/11/2018,3,0.6,42,1.1,2000,-10.8,0.0,0.0,0.0,Autumn,No Holiday,Yes,1,0,0,1,0,1,687.8942373040802
22/11/2018,4,0.5,39,1.6,2000,-11.8,0.0,0.0,0.0,Autumn,No Holiday,Yes,1,0,0,1,0,1,702.6265164778703
22/11/2018,5,-0.4,39,0.8,2000,-12.6,0.0,0.0,0.0,Autumn,No Holiday,Yes,0,0,0,1,0,1,630.7578636821758
22/11/2018,6,-1.0,41,0.7,2000,-12.6,0.0,0.0,0.0,Autumn,No Holiday,Yes,0,0,0,1,0,1,630.7578636821758
22/11/2018,7,-1.0,43,1.8,2000,-12.0,0.0,0.0,0.0,Autumn,No Holiday,Yes,0,0,0,1,0,1,619.2833485877724
22/11/2018,8,-1.2,33,0.5,2000,-15.4,0.04,0.0,0.0,Autumn,No Holiday,Yes,0,0,0,1,0,1,779.0803578614107
22/11/2018,9,0.2,28,1.9,1932,-16.2,0.57,0.0,0.0,Autumn,No Holiday,Yes,1,0,0,1,0,1,815.6113817338703
22/11/2018,10,2.9,22,2.0,1989,-16.7,1.18,0.0,0.0,Autumn,No Holiday,Yes,1,0,0,1,0,1,847.8753831486431
22/11/2018,11,5.1,21,3.2,1965,-15.4,1.63,0.0,0.0,Autumn,No Holiday,Yes,1,0,0,1,0,1,808.8369554110626
22/11/2018,12,5.9,23,2.8,1985,-13.7,1.88,0.0,0.0,Autumn,No Holiday,Yes,1,0,0,1,0,1,869.0124040419759
22/11/2018,13,6.5,26,2.4,1974,-11.6,1.84,0.0,0.0,Autumn,No Holiday,Yes,1,0,0,1,0,1,855.8714685593153
22/11/2018,14,6.7,27,3.1,1976,-11.0,1.66,0.0,0.0,Autumn,No Holiday,Yes,1,0,0,1,0,1,862.6827695240644
22/11/2018,15,6.9,31,2.9,1982,-9.1,1.21,0.0,0.0,Autumn,No Holiday,Yes,1,0,0,1,0,1,921.0789055833583
22/11/2018,16,5.9,34,2.9,1985,-8.7,0.55,0.0,0.0,Autumn,No Holiday,Yes,1,0,0,1,0,1,912.6338060753751
22/11/2018,17,4.9,41,3.3,1985,-7.2,0.25,0.0,0.0,Autumn,No Holiday,Yes,1,0,0,1,0,1,976.4227358481895
22/11/2018,18,4.1,46,2.7,2000,-6.5,0.01,0.0,0.0,Autumn,No Holiday,Yes,1,0,0,1,0,1,877.7722276153742
22/11/2018,19,3.6,48,2.6,2000,-6.4,0.0,0.0,0.0,Autumn,No Holiday,Yes,1,0,0,1,0,1,726.4281070287359
22/11/2018,20,3.1,42,2.4,2000,-8.5,0.0,0.0,0.0,Autumn,No Holiday,Yes,1,0,0,1,0,1,687.4993545936678
22/11/2018,21,2.2,28,3.2,2000,-14.4,0.0,0.0,0.0,Autumn,No Holiday,Yes,1,0,0,1,0,1,716.2835387498361
22/11/2018,22,1.1,33,2.5,2000,-13.4,0.0,0.0,0.0,Autumn,No Holiday,Yes,1,0,0,1,0,1,668.6720280717574
22/11/2018,23,0.4,37,2.9,2000,-12.6,0.0,0.0,0.0,Autumn,No Holiday,Yes,1,0,0,1,0,1,655.6449457703598
23/11/2018,0,-0.3,41,3.1,2000,-11.9,0.0,0.0,0.0,Autumn,No Holiday,Yes,0,0,0,1,0,1,595.3624263106266
23/11/2018,1,-0.6,44,2.3,2000,-11.3,0.0,0.0,0.0,Autumn,No Holiday,Yes,0,0,0,1,0,1,581.36582653646
23/11/2018,2,-1.0,43,3.1,2000,-12.0,0.0,0.0,0.0,Autumn,No Holiday,Yes,0,0,0,1,0,1,581.6648914664295
23/11/2018,3,-1.2,45,1.1,2000,-11.6,0.0,0.0,0.0,Autumn,No Holiday,Yes,0,0,0,1,0,1,613.1182014134101
23/11/2018,4,-2.0,42,0.7,2000,-13.2,0.0,0.0,0.0,Autumn,No Holiday,Yes,0,0,0,1,0,1,617.0603288379787
23/11/2018,5,-2.4,37,0.5,2000,-15.1,0.0,0.0,0.0,Autumn,No Holiday,Yes,0,0,0,1,0,1,621.4673500636743
23/11/2018,6,-2.6,40,1.4,2000,-14.3,0.0,0.0,0.0,Autumn,No Holiday,Yes,0,0,0,1,0,1,615.2590870640523
23/11/2018,7,-2.8,42,1.3,2000,-13.9,0.0,0.0,0.0,Autumn,No Holiday,Yes,0,0,0,1,0,1,604.3901810469024
23/11/2018,8,-3.0,43,1.1,2000,-13.8,0.03,0.0,0.0,Autumn,No Holiday,Yes,0,0,0,1,0,1,766.3519294715892
23/11/2018,9,-1.5,33,0.9,1962,-15.7,0.57,0.0,0.0,Autumn,No Holiday,Yes,0,0,0,1,0,1,760.3691148386324
23/11/2018,10,1.3,27,0.9,1856,-15.6,1.13,0.0,0.0,Autumn,No Holiday,Yes,1,0,0,1,0,1,818.3915493852743
23/11/2018,11,4.3,25,2.0,1958,-14.0,1.56,0.0,0.0,Autumn,No Holiday,Yes,1,0,0,1,0,1,840.2507473825111
23/11/2018,12,5.5,20,1.4,1992,-15.7,1.85,0.0,0.0,Autumn,No Holiday,Yes,1,0,0,1,0,1,842.1940158150308
23/11/2018,13,6.5,18,2.2,1984,-16.1,1.94,0.0,0.0,Autumn,No Holiday,Yes,1,0,0,1,0,1,788.0297076006469
23/11/2018,14,6.3,16,2.9,2000,-17.7,1.67,0.0,0.0,Autumn,No Holiday,Yes,1,0,0,1,0,1,890.601476588414
23/11/2018,15,6.4,16,2.0,2000,-17.6,1.01,0.0,0.0,Autumn,No Holiday,Yes,1,0,0,1,0,1,935.4093250755271
23/11/2018,16,6.3,17,1.5,2000,-17.0,0.73,0.0,0.0,Autumn,No Holiday,Yes,1,0,0,1,0,1,864.0471611644214
23/11/2018,17,5.4,19,0.5,2000,-16.4,0.27,0.0,0.0,Autumn,No Holiday,Yes,1,0,0,1,0,1,920.9441663321255
23/11/2018,18,3.9,23,1.0,2000,-15.4,0.0,0.0,0.0,Autumn,No Holiday,Yes,1,0,0,1,0,1,756.6042538800037
23/11/2018,19,2.9,26,1.1,2000,-14.7,0.0,0.0,0.0,Autumn,No Holiday,Yes,1,0,0,1,0,1,724.9403520848135
23/11/2018,20,2.7,27,1.2,2000,-14.4,0.0,0.0,0.0,Autumn,No Holiday,Yes,1,0,0,1,0,1,728.8037252414537
23/11/2018,21,2.2,28,0.8,2000,-14.4,0.0,0.0,0.0,Autumn,No Holiday,Yes,1,0,0,1,0,1,741.3394930194966
23/11/2018,22,2.0,30,1.3,1995,-13.8,0.0,0.0,0.0,Autumn,No Holiday,Yes,1,0,0,1,0,1,704.9614720592137
23/11/2018,23,2.1,32,1.5,1998,-12.9,0.0,0.0,0.0,Autumn,No Holiday,Yes,1,0,0,1,0,1,708.6168266774628
24/11/2018,0,2.4,32,1.7,2000,-12.6,0.0,0.0,0.0,Autumn,No Holiday,Yes,1,0,0,1,0,1,738.4622383372615
24/11/2018,1,2.4,30,1.3,2000,-13.4,0.0,0.0,0.0,Autumn,No Holiday,Yes,1,0,0,1,0,1,704.9614720592137
24/11/2018,2,2.5,29,1.8,2000,-13.7,0.0,0.0,0.0,Autumn,No Holiday,Yes,1,0,0,1,0,1,730.7073663086607
24/11/2018,3,2.8,28,1.6,2000,-13.9,0.0,0.0,0.0,Autumn,No Holiday,Yes,1,0,0,1,0,1,732.4590798597027
24/11/2018,4,3.0,26,1.6,2000,-14.6,0.0,0.0,0.0,Autumn,No Holiday,Yes,1,0,0,1,0,1,732.4590798597027
24/11/2018,5,3.2,27,1.6,2000,-14.0,0.0,0.0,0.0,Autumn,No Holiday,Yes,1,0,0,1,0,1,732.4590798597027
24/11/2018,6,3.7,25,2.3,2000,-14.5,0.0,0.0,0.0,Autumn,No Holiday,Yes,1,0,0,1,0,1,715.9844738198666
24/11/2018,7,1.2,87,1.9,77,-0.7,0.0,0.0,1.3,Autumn,No Holiday,Yes,1,0,0,1,0,1,304.0463058859
24/11/2018,8,0.4,96,3.1,33,-0.1,0.0,0.0,4.0,Autumn,No Holiday,Yes,1,0,0,1,0,1,220.44864170046694
24/11/2018,9,0.3,97,3.0,34,-0.1,0.0,9.1,7.1,Autumn,No Holiday,Yes,1,0,0,1,0,1,55.34047194516213
24/11/2018,10,0.4,97,1.8,207,0.0,0.0,0.0,8.8,Autumn,No Holiday,Yes,1,0,0,1,0,1,277.6333675444617
24/11/2018,11,1.2,97,2.3,975,0.7,0.07,0.0,8.8,Autumn,No Holiday,Yes,1,0,0,1,0,1,411.17654170870856
24/11/2018,12,2.5,84,1.9,1538,0.0,0.4,1.8,7.0,Autumn,No Holiday,Yes,1,0,0,1,0,1,432.90321562536786
24/11/2018,13,2.6,83,1.9,1774,0.0,0.84,0.0,6.0,Autumn,No Holiday,Yes,1,0,0,1,0,1,580.7374096888018
24/11/2018,14,3.0,82,1.7,1589,0.2,0.55,0.0,5.0,Autumn,No Holiday,Yes,1,0,0,1,0,1,655.3690292049058
24/11/2018,15,3.7,78,2.0,1314,0.2,0.81,0.0,4.1,Autumn,No Holiday,Yes,1,0,0,1,0,1,781.2940674759591
24/11/2018,16,3.5,82,1.6,1092,0.7,0.51,0.0,3.6,Autumn,No Holiday,Yes,1,0,0,1,0,1,624.3392469783486
24/11/2018,17,2.9,85,1.6,1000,0.6,0.2,0.0,3.5,Autumn,No Holiday,Yes,1,0,0,1,0,1,634.2918877871901
24/11/2018,18,2.6,86,1.1,834,0.4,0.0,0.0,3.5,Autumn,No Holiday,Yes,1,0,0,1,0,1,294.00345481136446
24/11/2018,19,2.6,85,1.2,797,0.3,0.0,0.0,3.3,Autumn,No Holiday,Yes,1,0,0,1,0,1,297.8668279680046
24/11/2018,20,2.6,86,1.7,676,0.4,0.0,0.0,3.3,Autumn,No Holiday,Yes,1,0,0,1,0,1,278.18698398998845
24/11/2018,21,2.6,85,1.1,674,0.3,0.0,0.0,3.2,Autumn,No Holiday,Yes,1,0,0,1,0,1,271.75827465236887
24/11/2018,22,2.7,85,1.1,580,0.4,0.0,0.0,3.2,Autumn,No Holiday,Yes,1,0,0,1,0,1,271.75827465236887
24/11/2018,23,2.8,86,1.2,476,0.6,0.0,0.0,3.0,Autumn,No Holiday,Yes,1,0,0,1,0,1,283.9102248942807
25/11/2018,0,2.7,86,1.2,422,0.5,0.0,0.0,3.0,Autumn,No Holiday,Yes,1,0,0,1,0,1,283.9102248942807
25/11/2018,1,2.7,86,1.0,460,0.5,0.0,0.0,2.9,Autumn,No Holiday,Yes,1,0,0,1,0,1,277.95580809935996
25/11/2018,2,2.8,86,0.8,402,0.6,0.0,0.0,2.9,Autumn,No Holiday,Yes,1,0,0,1,0,1,280.02986445951495
25/11/2018,3,2.6,88,0.9,319,0.8,0.0,0.0,2.8,Autumn,No Holiday,Yes,1,0,0,1,0,1,280.02986445951495
25/11/2018,4,2.4,89,0.7,321,0.7,0.0,0.0,2.6,Autumn,No Holiday,Yes,1,0,0,1,0,1,259.65576361899184
25/11/2018,5,2.1,94,0.4,248,1.2,0.0,0.0,2.5,Autumn,No Holiday,Yes,1,0,0,1,0,1,257.6136215695599
25/11/2018,6,1.7,95,0.7,220,0.9,0.0,0.0,2.5,Autumn,No Holiday,Yes,1,0,0,1,0,1,249.9224820608449
25/11/2018,7,1.3,96,0.9,198,0.7,0.0,0.0,2.5,Autumn,No Holiday,Yes,1,0,0,1,0,1,249.9224820608449
25/11/2018,8,1.4,96,1.0,212,0.8,0.04,0.0,2.5,Autumn,No Holiday,Yes,1,0,0,1,0,1,461.37271623393127
25/11/2018,9,2.3,88,1.1,286,0.5,0.41,0.0,2.5,Autumn,No Holiday,Yes,1,0,0,1,0,1,528.670644523004
25/11/2018,10,4.0,76,1.3,404,0.1,0.93,0.0,2.4,Autumn,No Holiday,Yes,1,0,0,1,0,1,717.5466052740841
25/11/2018,11,6.0,66,0.9,573,0.1,1.37,0.0,2.3,Autumn,No Holiday,Yes,1,0,0,1,0,1,683.6236071126847
25/11/2018,12,6.9,59,0.9,669,-0.5,1.31,0.0,2.2,Autumn,No Holiday,Yes,1,0,0,1,0,1,839.2267161610637
25/11/2018,13,8.8,53,1.5,778,-0.2,1.43,0.0,1.8,Autumn,No Holiday,Yes,1,0,0,1,0,1,1015.452120566492
25/11/2018,14,9.2,52,1.3,765,-0.1,1.01,0.0,1.3,Autumn,No Holiday,Yes,1,0,0,1,0,1,1188.7549826302284
25/11/2018,15,9.5,54,1.3,675,0.6,0.76,0.0,1.1,Autumn,No Holiday,Yes,1,0,0,1,0,1,1144.7351521332673
25/11/2018,16,9.5,56,1.1,678,1.1,0.54,0.0,0.8,Autumn,No Holiday,Yes,1,0,0,1,0,1,1108.1163733573035
25/11/2018,17,9.0,59,0.7,677,1.4,0.1,0.0,0.4,Autumn,No Holiday,Yes,1,0,0,1,0,1,962.4466236920302
25/11/2018,18,7.3,72,0.7,530,2.5,0.0,0.0,0.4,Autumn,No Holiday,Yes,1,0,0,1,0,1,459.5117612857787
25/11/2018,19,6.3,73,1.1,524,1.8,0.0,0.0,0.4,Autumn,No Holiday,Yes,1,0,0,1,0,1,420.7652012189259
25/11/2018,20,5.5,77,0.7,490,1.7,0.0,0.0,0.4,Autumn,No Holiday,Yes,1,0,0,1,0,1,415.2319100245226
25/11/2018,21,4.7,81,1.0,437,1.7,0.0,0.0,0.4,Autumn,No Holiday,Yes,1,0,0,1,0,1,277.9755231903135
25/11/2018,22,4.2,82,0.9,405,1.3,0.0,0.0,0.4,Autumn,No Holiday,Yes,1,0,0,1,0,1,280.0495795504685
25/11/2018,23,3.8,83,1.1,390,1.1,0.0,0.0,0.4,Autumn,No Holiday,Yes,1,0,0,1,0,1,280.04685173764057
26/11/2018,0,3.3,85,1.1,351,1.0,0.0,0.0,0.3,Autumn,No Holiday,Yes,1,0,0,1,0,1,280.04685173764057
26/11/2018,1,3.1,84,1.0,365,0.6,0.0,0.0,0.3,Autumn,No Holiday,Yes,1,0,0,1,0,1,277.95580809935996
26/11/2018,2,2.8,87,1.1,321,0.8,0.0,0.0,0.3,Autumn,No Holiday,Yes,1,0,0,1,0,1,280.04685173764057
26/11/2018,3,2.4,90,1.0,269,0.9,0.0,0.0,0.3,Autumn,No Holiday,Yes,1,0,0,1,0,1,257.58170725883684
26/11/2018,4,2.2,93,1.1,265,1.1,0.0,0.0,0.3,Autumn,No Holiday,Yes,1,0,0,1,0,1,256.0984876488095
26/11/2018,5,2.1,88,1.4,323,0.3,0.0,0.0,0.3,Autumn,No Holiday,Yes,1,0,0,1,0,1,281.08159606723353
26/11/2018,6,1.8,88,1.1,313,0.0,0.0,0.0,0.3,Autumn,No Holiday,Yes,1,0,0,1,0,1,280.04685173764057
26/11/2018,7,1.7,89,1.3,295,0.0,0.0,0.0,0.3,Autumn,No Holiday,Yes,1,0,0,1,0,1,263.53612405375753
26/11/2018,8,2.0,84,1.1,396,-0.4,0.03,0.0,0.3,Autumn,No Holiday,Yes,1,0,0,1,0,1,560.0478786235385
26/11/2018,9,3.1,77,0.9,457,-0.5,0.4,0.0,0.2,Autumn,No Holiday,Yes,1,0,0,1,0,1,835.586172984908
26/11/2018,10,5.1,70,1.2,498,0.0,0.93,0.0,0.0,Autumn,No Holiday,Yes,1,0,0,1,0,1,806.9854049074132
26/11/2018,11,7.2,66,1.5,542,1.2,1.41,0.0,0.0,Autumn,No Holiday,Yes,1,0,0,1,0,1,678.2411376602278
26/11/2018,12,9.1,57,1.1,562,1.0,1.69,0.0,0.0,Autumn,No Holiday,Yes,1,0,0,1,0,1,852.4472796573965
26/11/2018,13,11.7,50,1.4,609,1.6,1.74,0.0,0.0,Autumn,No Holiday,Yes,1,0,0,1,0,1,1053.7261289790024
26/11/2018,14,12.8,47,1.2,648,1.7,1.59,0.0,0.0,Autumn,No Holiday,Yes,1,0,0,1,0,1,1118.3955850684195
26/11/2018,15,13.2,43,1.1,714,0.8,1.26,0.0,0.0,Autumn,No Holiday,Yes,1,0,0,1,0,1,1452.501244137435
26/11/2018,16,13.2,44,1.6,710,1.1,0.76,0.0,0.0,Autumn,No Holiday,Yes,1,0,0,1,0,1,1469.8182798436849
26/11/2018,17,11.4,48,0.4,706,0.7,0.24,0.0,0.0,Autumn,No Holiday,Yes,1,0,0,1,0,1,1461.5955766975123
26/11/2018,18,9.5,56,0.5,628,1.1,0.0,0.0,0.0,Autumn,No Holiday,Yes,1,0,0,1,0,1,741.3547232086685
26/11/2018,19,8.4,61,0.3,573,1.3,0.0,0.0,0.0,Autumn,No Holiday,Yes,1,0,0,1,0,1,486.39406326427496
26/11/2018,20,7.3,66,0.5,516,1.3,0.0,0.0,0.0,Autumn,No Holiday,Yes,1,0,0,1,0,1,472.8568725346804
26/11/2018,21,6.7,71,0.9,461,1.8,0.0,0.0,0.0,Autumn,No Holiday,Yes,1,0,0,1,0,1,472.8568725346804
26/11/2018,22,6.2,70,0.4,474,1.1,0.0,0.0,0.0,Autumn,No Holiday,Yes,1,0,0,1,0,1,472.8371574437269
26/11/2018,23,5.4,78,1.5,404,1.8,0.0,0.0,0.0,Autumn,No Holiday,Yes,1,0,0,1,0,1,421.7802304575653
27/11/2018,0,4.9,79,0.5,391,1.5,0.0,0.0,0.0,Autumn,No Holiday,Yes,1,0,0,1,0,1,333.96746912136587
27/11/2018,1,4.5,82,0.4,350,1.6,0.0,0.0,0.0,Autumn,No Holiday,Yes,1,0,0,1,0,1,280.0495795504685
27/11/2018,2,3.9,85,0.8,299,1.6,0.0,0.0,0.0,Autumn,No Holiday,Yes,1,0,0,1,0,1,280.0495795504685
27/11/2018,3,3.5,86,1.4,281,1.3,0.0,0.0,0.0,Autumn,No Holiday,Yes,1,0,0,1,0,1,281.08159606723353
27/11/2018,4,3.1,88,1.0,270,1.2,0.0,0.0,0.0,Autumn,No Holiday,Yes,1,0,0,1,0,1,277.95580809935996
27/11/2018,5,3.6,84,0.6,315,1.1,0.0,0.0,0.0,Autumn,No Holiday,Yes,1,0,0,1,0,1,280.02986445951495
27/11/2018,6,3.8,83,0.7,337,1.1,0.0,0.0,0.0,Autumn,No Holiday,Yes,1,0,0,1,0,1,280.02986445951495
27/11/2018,7,3.6,83,0.9,350,0.9,0.0,0.0,0.0,Autumn,No Holiday,Yes,1,0,0,1,0,1,280.02986445951495
27/11/2018,8,4.2,78,1.2,362,0.6,0.02,0.0,0.0,Autumn,No Holiday,Yes,1,0,0,1,0,1,759.2814037286772
27/11/2018,9,5.0,75,0.3,390,0.9,0.12,0.0,0.0,Autumn,No Holiday,Yes,1,0,0,1,0,1,820.7086284501892
27/11/2018,10,6.4,71,1.0,385,1.5,0.37,0.0,0.0,Autumn,No Holiday,Yes,1,0,0,1,0,1,874.984496836499
27/11/2018,11,7.9,64,1.2,383,1.4,0.87,0.0,0.0,Autumn,No Holiday,Yes,1,0,0,1,0,1,852.5048107953497
27/11/2018,12,9.3,61,1.5,390,2.1,0.85,0.0,0.0,Autumn,No Holiday,Yes,1,0,0,1,0,1,849.6564668773491
27/11/2018,13,11.0,60,0.9,411,3.5,0.85,0.0,0.0,Autumn,No Holiday,Yes,1,0,0,1,0,1,1007.2846519310827
27/11/2018,14,11.6,70,1.5,388,6.3,0.45,0.0,0.0,Autumn,No Holiday,Yes,1,0,0,1,0,1,942.0130347801813
27/11/2018,15,12.5,70,2.1,360,7.1,0.68,0.0,0.0,Autumn,No Holiday,Yes,1,0,0,1,0,1,1138.9815231233845
27/11/2018,16,12.0,74,2.1,316,7.5,0.29,0.0,0.0,Autumn,No Holiday,Yes,1,0,0,1,0,1,1094.602558808208
27/11/2018,17,11.1,72,2.3,277,6.2,0.12,0.0,0.0,Autumn,No Holiday,Yes,1,0,0,1,0,1,975.6388556544036
27/11/2018,18,10.2,74,1.2,289,5.7,0.0,0.0,0.0,Autumn,No Holiday,Yes,1,0,0,1,0,1,499.7115469377695
27/11/2018,19,9.3,52,2.7,482,0.0,0.0,0.0,0.0,Autumn,No Holiday,Yes,1,0,0,1,0,1,862.4087014666392
27/11/2018,20,8.3,39,1.6,560,-4.8,0.0,0.0,0.0,Autumn,No Holiday,Yes,1,0,0,1,0,1,933.1551038490041
27/11/2018,21,7.5,35,1.8,656,-7.0,0.0,0.0,0.0,Autumn,No Holiday,Yes,1,0,0,1,0,1,814.4107964402214
27/11/2018,22,6.6,33,2.1,722,-8.5,0.0,0.0,0.0,Autumn,No Holiday,Yes,1,0,0,1,0,1,740.6093927916995
27/11/2018,23,5.8,34,2.6,763,-8.8,0.0,0.0,0.0,Autumn,No Holiday,Yes,1,0,0,1,0,1,704.3141293857648
28/11/2018,0,5.1,36,2.2,774,-8.7,0.0,0.0,0.0,Autumn,No Holiday,Yes,1,0,0,1,0,1,698.1752670244
28/11/2018,1,4.9,26,2.6,992,-13.0,0.0,0.0,0.0,Autumn,No Holiday,Yes,1,0,0,1,0,1,719.59718648648
28/11/2018,2,4.1,34,1.3,928,-10.3,0.0,0.0,0.0,Autumn,No Holiday,Yes,1,0,0,1,0,1,708.5723852528173
28/11/2018,3,3.5,38,1.6,907,-9.5,0.0,0.0,0.0,Autumn,No Holiday,Yes,1,0,0,1,0,1,706.2392291444837
28/11/2018,4,3.9,26,2.4,1071,-13.9,0.0,0.0,0.0,Autumn,No Holiday,Yes,1,0,0,1,0,1,719.59718648648
28/11/2018,5,3.0,34,1.1,1032,-11.3,0.0,0.0,0.0,Autumn,No Holiday,Yes,1,0,0,1,0,1,704.7090120961772
28/11/2018,6,2.6,33,1.5,1185,-12.0,0.0,0.0,0.0,Autumn,No Holiday,Yes,1,0,0,1,0,1,709.9757978273799
28/11/2018,7,2.5,24,0.2,1306,-16.0,0.0,0.0,0.0,Autumn,No Holiday,Yes,1,0,0,1,0,1,763.5857757614186
28/11/2018,8,2.1,29,1.1,1337,-14.1,0.02,0.0,0.0,Autumn,No Holiday,Yes,1,0,0,1,0,1,808.7883296834011
28/11/2018,9,3.0,30,1.3,1242,-12.9,0.3,0.0,0.0,Autumn,No Holiday,Yes,1,0,0,1,0,1,848.9818515987429
28/11/2018,10,4.4,23,1.6,1201,-14.9,0.7,0.0,0.0,Autumn,No Holiday,Yes,1,0,0,1,0,1,907.2022839230614
28/11/2018,11,5.7,15,1.1,1419,-19.0,0.98,0.0,0.0,Autumn,No Holiday,Yes,1,0,0,1,0,1,923.8171393481921
28/11/2018,12,7.9,14,1.7,1688,-18.0,1.81,0.0,0.0,Autumn,No Holiday,Yes,1,0,0,1,0,1,955.4473401323619
28/11/2018,13,9.2,13,1.6,1776,-17.8,1.86,0.0,0.0,Autumn,No Holiday,Yes,1,0,0,1,0,1,1092.8222437388822
28/11/2018,14,10.3,14,1.1,1880,-16.1,1.7,0.0,0.0,Autumn,No Holiday,Yes,1,0,0,1,0,1,968.7894936429104
28/11/2018,15,10.5,16,2.7,1509,-14.3,1.29,0.0,0.0,Autumn,No Holiday,Yes,1,0,0,1,0,1,951.4621541343591
28/11/2018,16,9.6,17,3.0,1706,-14.3,0.77,0.0,0.0,Autumn,No Holiday,Yes,1,0,0,1,0,1,881.753547218115
28/11/2018,17,7.6,23,2.9,1678,-12.2,0.25,0.0,0.0,Autumn,No Holiday,Yes,1,0,0,1,0,1,926.3025402946137
28/11/2018,18,6.3,25,2.0,1653,-12.3,0.0,0.0,0.0,Autumn,No Holiday,Yes,1,0,0,1,0,1,768.610404462036
28/11/2018,19,6.0,24,3.0,1861,-13.0,0.0,0.0,0.0,Autumn,No Holiday,Yes,1,0,0,1,0,1,761.6698917322291
28/11/2018,20,4.8,29,0.6,1756,-11.7,0.0,0.0,0.0,Autumn,No Holiday,Yes,1,0,0,1,0,1,779.873378965424
28/11/2018,21,4.2,31,1.1,1741,-11.4,0.0,0.0,0.0,Autumn,No Holiday,Yes,1,0,0,1,0,1,750.3578290646533
28/11/2018,22,3.2,34,1.3,1787,-11.1,0.0,0.0,0.0,Autumn,No Holiday,Yes,1,0,0,1,0,1,708.5723852528173
28/11/2018,23,2.9,31,1.7,1869,-12.6,0.0,0.0,0.0,Autumn,No Holiday,Yes,1,0,0,1,0,1,742.074951003875
29/11/2018,0,2.2,30,0.7,1879,-13.6,0.0,0.0,0.0,Autumn,No Holiday,Yes,1,0,0,1,0,1,721.1099525038701
29/11/2018,1,1.9,32,1.4,1999,-13.0,0.0,0.0,0.0,Autumn,No Holiday,Yes,1,0,0,1,0,1,708.6168266774628
29/11/2018,2,2.1,28,0.4,1981,-14.5,0.0,0.0,0.0,Autumn,No Holiday,Yes,1,0,0,1,0,1,741.3394930194966
29/11/2018,3,1.9,33,0.9,1994,-12.7,0.0,0.0,0.0,Autumn,No Holiday,Yes,1,0,0,1,0,1,712.9798160630496
29/11/2018,4,2.1,33,0.5,1981,-12.5,0.0,0.0,0.0,Autumn,No Holiday,Yes,1,0,0,1,0,1,712.9798160630496
29/11/2018,5,1.8,34,0.9,1990,-12.4,0.0,0.0,0.0,Autumn,No Holiday,Yes,1,0,0,1,0,1,696.2998695205528
29/11/2018,6,1.1,39,1.3,1857,-11.3,0.0,0.0,0.0,Autumn,No Holiday,Yes,1,0,0,1,0,1,709.0678579715309
29/11/2018,7,0.8,41,0.6,1298,-10.9,0.0,0.0,0.0,Autumn,No Holiday,Yes,1,0,0,1,0,1,721.6036257495738
29/11/2018,8,0.8,44,1.7,1439,-10.0,0.02,0.0,0.0,Autumn,No Holiday,Yes,1,0,0,1,0,1,760.9874009470353
29/11/2018,9,1.8,37,0.9,1310,-11.3,0.31,0.0,0.0,Autumn,No Holiday,Yes,1,0,0,1,0,1,867.7377775879504
29/11/2018,10,3.9,28,0.6,1627,-12.9,0.49,0.0,0.0,Autumn,No Holiday,Yes,1,0,0,1,0,1,889.2232457156658
29/11/2018,11,5.2,26,0.5,1471,-12.7,0.64,0.0,0.0,Autumn,No Holiday,Yes,1,0,0,1,0,1,902.3248116455186
29/11/2018,12,5.6,27,0.3,1522,-11.9,0.34,0.0,0.0,Autumn,No Holiday,Yes,1,0,0,1,0,1,946.0238886384543
29/11/2018,13,5.3,26,2.1,1604,-12.7,0.21,0.0,0.0,Autumn,No Holiday,Yes,1,0,0,1,0,1,887.8095053033984
29/11/2018,14,6.0,27,0.6,1452,-11.6,0.34,0.0,0.0,Autumn,No Holiday,Yes,1,0,0,1,0,1,946.0238886384543
29/11/2018,15,6.5,32,2.6,1321,-9.0,0.35,0.0,0.0,Autumn,No Holiday,Yes,1,0,0,1,0,1,955.4557993800152
29/11/2018,16,5.8,39,2.6,1489,-7.1,0.1,0.0,0.0,Autumn,No Holiday,Yes,1,0,0,1,0,1,954.3440784627217
29/11/2018,17,5.8,38,1.3,1674,-7.4,0.01,0.0,0.0,Autumn,No Holiday,Yes,1,0,0,1,0,1,928.129713425166
29/11/2018,18,3.4478260869565216,46,0.9,1566,-4.8,0.0,0.0,0.0,Autumn,No Holiday,Yes,1,0,0,1,0,1,877.7000892477903
29/11/2018,19,5.2,48,1.9,1590,-4.9,0.0,0.0,0.0,Autumn,No Holiday,Yes,1,0,0,1,0,1,910.5959382141712
29/11/2018,20,4.1,54,1.3,1434,-4.3,0.0,0.0,0.0,Autumn,No Holiday,Yes,1,0,0,1,0,1,686.8303678477265
29/11/2018,21,3.8,55,2.1,1231,-4.4,0.0,0.0,0.0,Autumn,No Holiday,Yes,1,0,0,1,0,1,708.8677475008946
29/11/2018,22,3.0,59,1.1,1218,-4.2,0.0,0.0,0.0,Autumn,No Holiday,Yes,1,0,0,1,0,1,507.9344851905112
29/11/2018,23,2.6,56,1.9,1394,-5.3,0.0,0.0,0.0,Autumn,No Holiday,Yes,1,0,0,1,0,1,620.3681189589863
30/11/2018,0,1.8,62,1.6,1411,-4.7,0.0,0.0,0.0,Autumn,No Holiday,Yes,1,0,0,1,0,1,440.22393873117306
30/11/2018,1,1.3,63,2.0,1379,-4.9,0.0,0.0,0.0,Autumn,No Holiday,Yes,1,0,0,1,0,1,465.80463086717964
30/11/2018,2,0.6,66,0.5,1368,-5.0,0.0,0.0,0.0,Autumn,No Holiday,Yes,1,0,0,1,0,1,420.1187124775824
30/11/2018,3,-0.1,69,0.9,1338,-5.1,0.0,0.0,0.0,Autumn,No Holiday,Yes,0,0,0,1,0,1,405.6912596923021
30/11/2018,4,-0.5,71,0.4,1345,-5.1,0.0,0.0,0.0,Autumn,No Holiday,Yes,0,0,0,1,0,1,405.6912596923021
30/11/2018,5,-0.7,66,0.5,1336,-6.2,0.0,0.0,0.0,Autumn,No Holiday,Yes,0,0,0,1,0,1,376.2830893502688
30/11/2018,6,-0.8,68,0.8,1322,-5.9,0.0,0.0,0.0,Autumn,No Holiday,Yes,0,0,0,1,0,1,405.6912596923021
30/11/2018,7,-1.2,70,0.8,1351,-5.9,0.0,0.0,0.0,Autumn,No Holiday,Yes,0,0,0,1,0,1,405.6912596923021
30/11/2018,8,-1.5,68,1.1,1286,-6.6,0.02,0.0,0.0,Autumn,No Holiday,Yes,0,0,0,1,0,1,563.5752978624938
30/11/2018,9,-0.4,57,0.6,1270,-7.8,0.45,0.0,0.0,Autumn,No Holiday,Yes,0,0,0,1,0,1,731.7700324064391
30/11/2018,10,1.9,51,0.8,1029,-7.1,1.01,0.0,0.0,Autumn,No Holiday,Yes,1,0,0,1,0,1,792.5450353631834
30/11/2018,11,5.3,43,1.8,1177,-6.2,1.38,0.0,0.0,Autumn,No Holiday,Yes,1,0,0,1,0,1,844.6431350541226
30/11/2018,12,6.6,35,1.3,1409,-7.8,1.7,0.0,0.0,Autumn,No Holiday,Yes,1,0,0,1,0,1,902.7378784563138
30/11/2018,13,7.1,24,2.8,1838,-12.1,1.83,0.0,0.0,Autumn,No Holiday,Yes,1,0,0,1,0,1,913.3651418238773
30/11/2018,14,7.8,20,2.2,2000,-13.8,1.67,0.0,0.0,Autumn,No Holiday,Yes,1,0,0,1,0,1,889.9828895688717
30/11/2018,15,7.0,20,3.3,1994,-14.4,1.21,0.0,0.0,Autumn,No Holiday,Yes,1,0,0,1,0,1,904.1412540911402
30/11/2018,16,7.2,23,1.5,1945,-12.6,0.72,0.0,0.0,Autumn,No Holiday,Yes,1,0,0,1,0,1,931.6537305748336
30/11/2018,17,6.0,29,2.1,1877,-10.7,0.23,0.0,0.0,Autumn,No Holiday,Yes,1,0,0,1,0,1,909.4328573582624
30/11/2018,18,4.7,34,1.9,1661,-9.8,0.0,0.0,0.0,Autumn,No Holiday,Yes,1,0,0,1,0,1,713.8309217097177
30/11/2018,19,4.2,34,2.6,1894,-10.3,0.0,0.0,0.0,Autumn,No Holiday,Yes,1,0,0,1,0,1,676.800365039568
30/11/2018,20,3.4,37,2.3,2000,-9.9,0.0,0.0,0.0,Autumn,No Holiday,Yes,1,0,0,1,0,1,664.3926114731667
30/11/2018,21,2.6,39,0.3,1968,-9.9,0.0,0.0,0.0,Autumn,No Holiday,Yes,1,0,0,1,0,1,717.9909130829603
30/11/2018,22,2.1,41,1.0,1859,-9.8,0.0,0.0,0.0,Autumn,No Holiday,Yes,1,0,0,1,0,1,718.2348165347723
30/11/2018,23,1.9,43,1.3,1909,-9.3,0.0,0.0,0.0,Autumn,No Holiday,Yes,1,0,0,1,0,1,722.8840874735306
